LocalTime,Wh,DHT11_temp,DHT11_humidity,LM35_tempC,INA219_busVoltage_V,INA219_shuntVoltage_mV,INA219_current_mA,INA219_power_mW,ACS712_20A_current_A
2025-04-22,0.24847,32.71429,56.0,33.55143,2.15714,0.00286,0.14286,0.0,0.13571
2025-04-23,8.31574,34.4076025,57.24895375,33.79472,2.5789066666666667,0.06753625,6.746302083333333,42.96297375,0.12663375000000002
2025-04-24,6.95669,34.162657083333336,58.66518291666667,33.85757541666667,2.33396375,0.05155958333333333,5.153029166666667,30.574471250000002,0.11985208333333335
2025-04-25,8.985949999999999,33.92777666666667,55.77817916666667,33.752907083333334,2.5212991666666666,0.060700833333333336,6.066110833333333,39.826865833333336,0.13546875
2025-04-26,6.47759,32.879575833333334,39.526855,33.3591925,2.1767608333333333,0.04189500000000001,4.191776666666667,25.99010583333333,0.11867166666666668
2025-04-27,9.206339999999999,33.174231666666664,54.99230083333333,33.6059475,2.6651979166666666,0.07064125,7.05625625,44.552400416666664,0.13408625
2025-04-28,7.5292699999999995,33.55076041666667,59.369078333333334,33.76405583333334,2.2483679166666666,0.04239083333333333,4.238385833333333,25.547575,0.13314625
2025-04-29,9.39732,33.010854583333334,57.90366041666667,33.44375708333333,2.7179562500000003,0.07056749999999999,7.0635787500000005,43.793059166666666,0.13614083333333335
2025-04-30,9.76544,33.563430833333335,51.97642208333334,33.685653333333335,2.7974674999999998,0.07916208333333334,7.917154583333333,53.22766583333333,0.133025
2025-05-01,8.84655,33.033642916666665,54.9140625,33.82901666666667,2.6125000000000003,0.06453625,6.448293333333333,38.404088333333334,0.13526291666666665
2025-05-02,7.29327,33.02987791666667,49.19594166666667,33.59485625,2.3577820833333334,0.04603458333333333,4.617700833333333,28.257960416666666,0.12775583333333332
2025-05-03,10.911389999999999,34.189315,54.99961916666667,33.815052083333335,3.086110833333333,0.09521875,9.523314583333333,66.17821958333333,0.13553291666666667
2025-05-04,8.38622,34.16685041666667,53.390833750000006,33.00641041666667,2.62514625,0.06526,6.51860125,39.018118333333334,0.12726708333333334
2025-05-05,7.08815,34.17514791666667,48.15652875,33.27161708333333,2.34683625,0.046987916666666664,4.709486666666667,28.735809166666666,0.12280333333333333
2025-05-06,8.65183,36.24001166666667,55.091825416666666,33.00761166666667,2.715840416666667,0.07151333333333333,7.145946666666666,44.44639458333333,0.12652791666666666
2025-05-07,6.69214,34.27138333333333,57.72107833333333,33.16085291666666,2.1169474999999998,0.036485416666666666,3.631368333333333,21.53410166666667,0.12661208333333332
2025-05-08,8.46254,34.69859916666667,58.523852500000004,33.7727275,2.6165875,0.06481916666666666,6.486246250000001,38.47747291666666,0.12830166666666667
2025-05-09,8.112169999999999,35.295778750000004,56.298127916666665,33.8106225,2.53897375,0.06228458333333334,6.221765416666667,38.67559458333333,0.12657375
2025-05-10,6.9792700000000005,33.581390416666665,55.533835,33.6829375,2.2086329166666667,0.03919458333333333,3.9319450000000002,22.71411,0.12635958333333333
2025-05-11,6.64831,32.869474583333336,48.63026249999999,33.51646375,2.1872883333333335,0.038475,3.8473437500000003,23.648390000000003,0.12220833333333332
2025-05-12,9.26552,32.043499583333336,59.39806708333333,32.90502875,2.722724166666667,0.07163166666666666,7.1607554166666665,45.371501249999994,0.13309416666666665
2025-05-13,8.16439,33.40332625,58.03220625,32.70082083333333,2.5175316666666667,0.05655333333333334,5.65098625,33.58793333333333,0.1298225
2025-05-14,7.69394,34.10240958333333,54.34107,33.61226625,2.40910875,0.049253333333333336,4.93220625,28.57142875,0.12791041666666667
2025-05-15,7.52338,35.135338749999995,53.054255833333336,33.642233749999995,2.4031333333333333,0.04977208333333333,4.97566375,28.576534166666665,0.12573166666666666
2025-05-16,8.26591,36.38816666666667,52.32982208333333,33.34464958333333,2.62371,0.06247708333333333,6.267589583333333,39.78409583333333,0.12502916666666666
2025-05-17,8.01074,35.0807925,48.64780583333334,32.75980666666667,2.542876666666667,0.058312916666666666,5.820893333333333,35.62800958333333,0.12548875
2025-05-18,7.74251,34.78418666666666,49.71995166666667,33.42011333333333,2.45209625,0.0534375,5.339390416666666,31.7677,0.12613166666666667
2025-05-19,8.04261,35.724638750000004,52.05964041666667,33.708185,2.5562283333333333,0.06104375,6.116155,36.9746525,0.12564083333333334
2025-05-20,7.98254,35.92895958333333,50.247605,33.247470416666665,2.6073258333333333,0.06287125,6.280163333333333,37.93274458333333,0.12307625
2025-05-21,8.284089999999999,36.534773333333334,50.28318166666667,32.813217916666666,2.7017287499999996,0.06998458333333334,7.001774999999999,44.136648750000006,0.12250125
2025-05-22,7.89729,35.89054791666667,47.808408750000005,33.70488791666667,2.571921666666667,0.06108416666666667,6.124094166666667,35.88183458333334,0.12335541666666666
2025-05-23,8.09731,35.86951208333333,47.00720125,33.52113333333333,2.629754166666667,0.0648175,6.47386625,41.41260541666667,0.12435708333333334
2025-05-24,7.5842,33.96209833333334,36.07515791666667,32.716051666666665,2.3913295833333335,0.04976333333333333,4.985105416666666,31.12024875,0.12567041666666667
2025-05-25,8.65669,33.94108833333333,38.306308333333334,32.902629166666664,2.6647554166666665,0.06696624999999999,6.7029120833333335,43.414364166666665,0.12700875
2025-05-26,6.80844,33.30995166666667,54.283795,33.28858875,2.1857470833333337,0.035931250000000005,3.5983545833333337,20.053310833333335,0.12517999999999999
2025-05-27,8.50392,33.40810208333333,55.12965416666666,33.22829791666667,2.665365,0.06609208333333334,6.612254583333333,39.100788333333334,0.12655375
2025-05-28,8.40069,34.46340708333333,56.75341708333334,33.1268575,2.666793333333333,0.06624333333333333,6.631978750000001,40.90227083333333,0.12451625
2025-05-29,6.38513,32.97651583333333,43.61695541666666,33.12713291666667,2.142785,0.041572500000000005,4.156960416666666,25.969892083333335,0.11949916666666667
2025-05-30,7.58954,33.27037416666666,48.86039416666667,33.40639541666667,2.4715725,0.0566325,5.6674283333333335,34.85398625,0.121735
2025-05-31,8.33959,34.10275625,55.90326083333333,33.37104208333333,2.6500208333333335,0.06439833333333334,6.43827125,38.64818291666666,0.12462125
2025-06-01,8.836359999999999,34.12122875,54.04880666666667,33.58282125,2.7644920833333333,0.0739275,7.4022162499999995,44.36769,0.12517166666666665
2025-06-02,8.02923,35.48208,56.93188416666666,33.112129583333335,2.5959962500000002,0.062482083333333334,6.254448333333333,38.33900833333333,0.12246375
2025-06-03,6.10485,34.21455958333333,56.38337083333334,32.7027175,2.0507058333333332,0.025769583333333332,2.5821079166666667,14.2208025,0.12106875
2025-06-04,6.45916,32.99748875,44.064744166666664,33.33697083333333,2.1700762499999997,0.04181666666666667,4.17995625,25.976431666666667,0.11952125000000001
2025-06-05,7.60002,35.45420541666667,59.34354,32.8878975,2.49806375,0.056771666666666665,5.668245,34.98694458333333,0.12005291666666666
2025-06-06,9.64786,35.029919166666666,57.5177525,33.007713333333335,3.0538233333333333,0.08829333333333333,8.8233875,57.503655,0.12386833333333334
2025-06-07,8.67724,34.91658333333333,52.77576875,33.62014416666667,2.7881416666666667,0.07271375000000001,7.270785833333334,45.41640541666666,0.12297833333333334
2025-06-08,8.88087,34.385897916666664,42.8280475,33.334010416666665,2.7751783333333333,0.06987041666666667,6.9988029166666665,42.63393666666666,0.12433791666666666
2025-06-09,8.05752,35.66187541666667,45.1981125,33.42172708333333,2.69815375,0.07146791666666667,7.155817916666667,44.95906333333334,0.11923583333333333
2025-06-10,7.62063,34.0,36.0,33.70765458333333,2.54343625,0.05531375,5.529992916666667,31.997541249999998,0.12089083333333334
2025-06-11,7.68991,34.0,36.0,33.447157499999996,2.6104012500000002,0.06106416666666667,6.10418125,36.09839875,0.11741249999999999
2025-06-12,6.91281,34.0,36.0,33.17329541666667,2.3977483333333334,0.04828916666666667,4.83253875,27.89264833333333,0.11616083333333332
2025-06-13,5.71301,34.0,36.0,32.98210583333333,2.0142445833333333,0.024143750000000002,2.418175833333333,11.952362083333334,0.11472041666666666
2025-06-14,9.50841,34.537988750000004,42.65161166666667,32.8801575,3.0617404166666664,0.08766708333333334,8.767264583333334,57.84861458333334,0.12006333333333334
2025-06-15,6.98924,35.38048166666667,49.60252125,33.00796166666667,2.437105416666667,0.04926250000000001,4.933062083333334,30.85552416666667,0.1152125
2025-06-16,7.59406,35.0,36.0,33.351605,2.5742225,0.05851666666666667,5.85309875,37.458517916666665,0.11718125
2025-06-17,8.81998,35.0,36.0,33.362125416666665,2.933354166666667,0.08121666666666667,8.132155833333334,52.37399958333333,0.11769333333333333
2025-06-18,9.172789999999999,34.89572125,36.023716666666665,33.35897666666667,3.0376075,0.0865075,8.649198333333333,54.55039166666666,0.11922333333333333
2025-06-19,7.46881,34.94829666666667,36.37402125,33.48453666666666,2.5995941666666664,0.061786249999999994,6.183778333333333,36.441098333333336,0.11514
2025-06-20,7.78642,36.6915675,42.505092499999996,33.5721925,2.804380833333333,0.07168166666666666,7.168234166666667,43.125,0.112615
2025-06-21,8.14884,35.0,35.0,33.60577541666667,2.7347070833333333,0.06938791666666667,6.9329350000000005,43.08871166666666,0.11711833333333332
2025-06-22,8.63989,35.0,35.0,33.35850625,2.8957545833333334,0.07950875,7.958267083333333,48.88706166666666,0.11682333333333333
2025-06-23,8.35526,34.93245458333333,35.216545833333335,33.6579375,2.8433200000000003,0.07564375,7.559498333333333,46.50503333333333,0.11647625
2025-06-24,8.25227,34.76295125,35.3550125,33.83413125,2.805077916666667,0.074835,7.4712966666666665,45.387924166666664,0.11573833333333333
2025-06-25,7.56635,38.48644458333333,44.76814041666666,33.73765916666667,2.739910833333333,0.06993541666666667,6.991999166666667,42.840045833333335,0.11089416666666667
2025-06-26,8.15986,36.861189583333335,35.41042875,33.7486375,2.79136375,0.07202166666666666,7.201517083333333,45.140872916666666,0.11548874999999999
2025-06-27,6.12477,37.0,35.0,33.45037625,2.183609166666667,0.033353749999999995,3.3330104166666668,17.324210833333332,0.11369541666666666
2025-06-28,7.94702,37.0,35.0,33.25527458333333,2.6461279166666665,0.06229666666666667,6.240079166666667,37.926065,0.11845583333333333
2025-06-29,8.27853,36.861189583333335,35.41042875,33.28398333333333,2.7505466666666667,0.07081041666666667,7.083677916666667,45.24357791666667,0.11787041666666666
2025-06-30,7.66516,37.0,35.0,33.45121125,2.6173529166666665,0.061731249999999994,6.168843750000001,37.741042916666665,0.11631999999999999
2025-07-01,8.28097,37.0,35.0,33.58999791666667,2.8167954166666664,0.074655,7.460165,46.45746,0.11595708333333334
2025-07-02,8.81304,37.0,35.0,33.64722041666666,2.9895150000000004,0.08453166666666667,8.460447916666666,53.2897725,0.11706166666666667
2025-07-03,8.19436,36.711587083333335,35.49206625,33.7757575,2.8554549999999996,0.07630666666666668,7.6307237500000005,47.1907275,0.114655
2025-07-04,6.83375,36.78743333333333,35.19045791666667,33.49652125,2.38760125,0.05248,5.25828625,31.963147916666667,0.11417666666666666
2025-07-05,7.3387400000000005,37.0,35.0,33.27781958333333,2.537455,0.05928083333333334,5.933982916666667,36.371919166666665,0.1148575
2025-07-06,7.8279,37.0,35.0,33.02362208333333,2.623911666666667,0.06326,6.332974583333333,36.90855,0.11799833333333333
2025-07-07,7.44357,36.797221666666665,35.208218333333335,33.0442325,2.4846566666666665,0.05962791666666667,5.979087916666667,38.549508333333335,0.11714083333333335
2025-07-08,6.39862,37.0,35.0,32.83327166666667,2.2127504166666667,0.038970833333333336,3.9036529166666667,23.301135833333333,0.11457166666666667
2025-07-09,3.89969,37.0,35.0,32.734518333333334,1.4365266666666665,-0.0016674999999999997,-0.15923291666666667,1.9047616666666667,0.11204708333333334
2025-07-10,6.42953,36.861189583333335,35.41042875,32.5807225,2.1820958333333333,0.03615666666666666,3.6039791666666665,19.222147083333333,0.11806458333333332
2025-07-11,7.00037,36.871732083333335,36.089869166666666,32.79861666666667,2.326684166666667,0.04597125,4.606906666666666,26.91674125,0.11871375
2025-07-12,8.21519,34.15928916666667,58.75885416666667,32.74401583333333,2.7609591666666664,0.0717825,7.183031666666667,44.359635833333336,0.11649625000000001
2025-07-13,8.04762,35.788427500000004,53.75973083333333,33.01203625,2.7857637499999996,0.07311625000000001,7.299665,45.37012958333333,0.1148575
2025-07-14,8.02907,33.03518666666667,36.176487916666666,32.921193333333335,2.742483333333333,0.07138958333333333,7.131374999999999,44.01650458333333,0.11674250000000001
2025-07-15,7.55955,33.0,36.0,32.7714175,2.57906625,0.05998333333333333,5.990070833333333,37.27407916666667,0.11622083333333333
2025-07-16,6.55095,35.756337916666666,45.792532083333334,33.43164166666667,2.37404,0.046672500000000006,4.65469375,27.34079125,0.11162791666666666
2025-07-17,7.19854,37.015881666666665,49.29981,33.391969583333335,2.56429375,0.06022291666666666,6.021604166666666,34.3833875,0.11272458333333334
2025-07-18,7.92154,34.0,36.0,33.41011708333333,2.6651658333333335,0.06765416666666667,6.759680416666666,40.71403541666667,0.11865625
2025-07-19,7.77097,34.0,36.0,33.44140166666667,2.5508745833333335,0.06185666666666667,6.19563375,40.150974166666664,0.11821666666666668
2025-07-20,6.47759,32.879575833333334,39.526855,33.3591925,2.1767608333333333,0.04189500000000001,4.191776666666667,25.99010583333333,0.11867166666666668
2025-07-21,6.39584,34.28390041666667,49.50495083333333,33.12483041666667,2.21116625,0.04166333333333333,4.167880833333333,23.947590833333333,0.11612
2025-07-22,6.72749,33.10568833333333,43.84387666666667,33.169355,2.27074375,0.04444916666666667,4.450652916666667,27.168933749999997,0.11748041666666666
2025-07-23,7.69095,34.47755375,45.101443749999994,33.30097708333333,2.5743637500000003,0.06274500000000001,6.276104583333333,39.36600416666666,0.11816041666666666
2025-07-24,7.61177,36.7791875,47.099437083333335,33.34894375,2.632832083333333,0.06957041666666666,6.96202375,41.84939958333333,0.11369958333333334
2025-07-25,6.77227,36.503665,45.39294666666667,33.71824291666667,2.408751666666667,0.05033083333333333,5.0278833333333335,29.992999166666667,0.11187124999999999
2025-07-26,6.47896,33.29639041666667,40.82296625,33.413425833333335,2.17757125,0.04186791666666667,4.1937025,25.98741,0.11754541666666667
2025-07-27,6.47759,32.879575833333334,39.526855,33.3591925,2.1767608333333333,0.04189500000000001,4.191776666666667,25.99010583333333,0.11867166666666668
2025-07-28,6.70503,35.573660833333335,54.41384541666667,33.42831916666667,2.3411779166666666,0.047454583333333335,4.741461666666667,28.392576666666667,0.11438999999999999
2025-07-29,7.48405,34.41093,49.013846666666666,33.3751575,2.535159166666667,0.0618475,6.174676666666667,39.07063,0.11712416666666665
2025-07-30,5.87779,35.45404916666667,57.1504425,33.238024583333335,2.0489383333333335,0.02979625,3.07601,18.01431,0.11470916666666665
2025-07-31,5.09593,33.840763333333335,60.529765,32.99460166666667,1.8023945833333332,0.01789041666666667,1.84835875,11.839669583333333,0.11423041666666667
2025-08-01,7.60733,34.65374875,59.84975791666667,32.912432083333336,2.5486245833333334,0.059582083333333334,5.970397916666666,37.1735675,0.11713
2025-08-02,5.37813,34.68376958333334,60.61245416666667,33.458915,1.9132783333333334,0.021920416666666664,2.190387083333333,13.249280833333332,0.11383541666666668
2025-08-03,6.50229,33.01914333333333,44.411705000000005,33.39289291666667,2.1878254166666666,0.041932500000000004,4.19112375,25.969892083333335,0.1178925
2025-08-04,5.82401,33.816645,62.05172375,33.116294583333335,2.01691125,0.028634583333333335,2.86927375,15.225369166666667,0.115705
2025-08-05,8.35142,34.474219166666664,62.83030458333334,33.37832,2.7470908333333335,0.07381333333333333,7.391855416666666,46.05005458333334,0.11876791666666665
2025-08-06,7.91188,35.58343416666667,58.577916249999994,33.44256625,2.6376716666666664,0.06817958333333334,6.81778375,43.158303749999995,0.11708708333333333
2025-08-07,7.69846,35.95223791666667,51.488841666666666,33.59749458333334,2.614229583333333,0.06406875,6.408121666666666,39.1068725,0.11672500000000001
2025-08-08,7.97323,35.009338750000005,43.004337916666664,33.742659583333335,2.6424041666666667,0.06570541666666667,6.578246666666666,42.99594166666666,0.11860541666666667
2025-08-09,7.6979,37.03052875,46.772326666666665,33.677626249999996,2.6329833333333332,0.06652,6.6536566666666666,42.69204916666667,0.11613291666666666
2025-08-10,7.85285,36.88981666666667,41.20804833333333,33.73053458333333,2.6269295833333333,0.06615166666666666,6.613565,41.40238125,0.11821541666666667
2025-08-11,7.16268,36.320099166666665,44.67262541666667,33.68993458333333,2.4403166666666665,0.05242375,5.244945416666667,31.457246666666666,0.11746333333333332
2025-08-12,7.89537,36.03965375,46.99714208333333,33.652855833333334,2.6410129166666665,0.0658025,6.586634166666666,41.05703666666667,0.11789500000000001
2025-08-13,6.03024,35.0038325,45.39434666666667,33.53403625,2.11915375,0.0345675,3.4621333333333335,19.188311666666667,0.1153725
2025-08-14,6.55839,35.66642791666667,46.152681666666666,33.56848875,2.2765679166666666,0.04268833333333333,4.261592083333333,21.899619166666668,0.1152875
2025-08-15,6.94649,35.42614875,42.9885625,33.46411,2.3212058333333334,0.04959875,4.9642237499999995,31.001807499999998,0.11739291666666667
2025-08-16,7.43875,37.5025875,47.51828583333333,33.72455625,2.5658220833333334,0.06198041666666667,6.195668333333334,38.145057916666666,0.11443375
2025-08-17,7.38765,37.69697541666667,46.43158583333334,33.79043875,2.547932083333333,0.060676249999999994,6.07519125,37.12078,0.11512708333333332
2025-08-18,7.74929,36.976794166666664,35.12421375,33.72434958333333,2.5585716666666665,0.06145166666666666,6.137449166666666,36.291936666666665,0.12006416666666668
2025-08-19,7.2095,36.037735833333336,35.09984291666667,33.672378333333334,2.3983666666666665,0.05193458333333333,5.198031666666667,29.805575416666667,0.11982541666666667
2025-08-20,6.36857,37.420715,40.572621250000005,33.75446375,2.2336125,0.04153166666666667,4.156195833333333,24.012015,0.11499875
2025-08-21,6.87007,36.217072083333335,47.48977125,33.70785125,2.3555320833333333,0.04978125,4.98190875,29.583433333333332,0.11586666666666667
2025-08-22,6.63854,34.13120541666667,42.923417083333334,33.51229375,2.242125833333333,0.0412775,4.211609166666666,25.342744999999997,0.11742791666666667
2025-08-23,7.37099,37.33103583333334,46.64718958333333,33.68982875,2.5526966666666664,0.055080416666666666,5.523252083333333,33.507929583333336,0.11571
2025-08-24,6.69991,37.13526625,44.55432833333333,33.665485833333335,2.351811666666667,0.0501725,5.023418333333333,29.25216416666667,0.11443874999999999
2025-08-25,6.71257,36.033018750000004,35.05345916666666,33.72977708333333,2.2959779166666667,0.04662291666666666,4.677284166666667,26.777302916666667,0.11715208333333334
2025-08-26,6.86005,35.81868333333333,35.271387499999996,33.71753125,2.2886466666666667,0.0489925,4.91685125,30.048399166666666,0.11962374999999999
2025-08-27,8.22056,35.020833333333336,35.21955125,33.649258333333336,2.669051666666667,0.06996833333333334,6.999123333333333,44.3040025,0.12076166666666667
2025-08-28,6.98606,36.727145,44.69528291666666,33.65361166666667,2.433055,0.05480708333333333,5.490470416666667,32.929653333333334,0.11524458333333333
2025-08-29,6.51722,33.88887125,37.305447083333334,33.34555625,2.200658333333333,0.041844166666666675,4.184194583333333,26.03276,0.11750958333333333
2025-08-30,6.92218,36.00872375,41.24547,33.572622083333336,2.3630549999999997,0.047432499999999995,4.745887083333334,28.67516458333333,0.11705166666666666
2025-08-31,7.409,34.18063708333333,36.19706583333333,33.48085875,2.417730833333333,0.0561825,5.62258625,34.717275416666666,0.12085791666666668
2025-09-01,7.18795,36.23640458333333,44.60185958333333,33.569545416666664,2.4256491666666666,0.05608333333333334,5.613310833333333,33.3896,0.11819625
2025-09-02,7.1908,36.10790958333333,45.13668958333333,33.599142916666665,2.44915,0.057077083333333334,5.70834875,34.343995416666665,0.11690833333333334
2025-09-03,7.4059,34.772363750000004,35.571072916666665,33.64597416666667,2.4325329166666667,0.05554124999999999,5.556304583333333,33.090774583333335,0.12094875
2025-09-04,7.21288,34.020305,36.76646916666667,33.553722916666665,2.374750833333333,0.04875416666666666,4.8629125,29.20860416666667,0.12085958333333334
2025-09-05,6.75803,36.021645,48.0494425,33.334748749999996,2.3127158333333333,0.04813958333333334,4.8157491666666665,26.889601666666668,0.11637458333333334
2025-09-06,6.96795,36.025020833333336,43.62250958333333,33.60065458333333,2.3387908333333334,0.049776666666666664,4.980505416666667,31.10284375,0.11730958333333334
2025-09-07,6.36409,33.162584583333334,38.14235416666667,33.35790875,2.1358729166666666,0.041606250000000004,4.163335833333334,25.969892083333335,0.11853416666666666
2025-09-08,5.59926,35.54073833333333,50.49304333333333,33.10152166666666,1.9908375000000003,0.03149333333333334,3.1378754166666667,18.073447916666666,0.11332874999999999
2025-09-09,6.57737,36.326811666666664,50.702738333333336,33.034103333333334,2.2967616666666664,0.04753291666666667,4.737507916666667,27.158649583333332,0.1145175
2025-09-10,6.32976,36.142235,42.93039208333334,33.41335958333333,2.19911125,0.04106666666666667,4.112099166666667,22.923220416666666,0.115825
2025-09-11,6.39214,33.41085416666667,37.68136958333333,33.43857791666667,2.15389625,0.03900291666666667,3.907855,23.033477916666666,0.1180625
2025-09-12,6.56821,35.871305,35.64334791666666,33.76679625,2.1960283333333335,0.04208083333333334,4.220107083333334,24.224016250000002,0.11948249999999999
2025-09-13,6.4825,35.98602041666667,35.301115,33.83790916666667,2.183415,0.041008750000000004,4.106255833333333,22.356391666666667,0.11867
2025-09-14,6.04054,36.20325916666667,45.5908775,33.160819583333335,2.126425,0.03823,3.8268308333333336,23.328192916666666,0.11381124999999999
2025-09-15,5.7099,36.58708291666667,49.99484583333333,33.19229958333333,2.063465416666667,0.03378125,3.381097083333333,17.986472083333332,0.11193583333333333
2025-09-16,7.00312,34.81329458333334,35.279526249999996,33.6793775,2.31263625,0.04944291666666667,4.9519475,29.77911,0.12006166666666666
2025-09-17,6.38998,34.93792375,35.376508333333334,33.84970125,2.14897,0.03926291666666667,3.9357520833333335,23.565235833333332,0.11914041666666668
2025-09-18,6.05207,36.5424175,50.08012041666667,33.310822916666666,2.115607916666667,0.04004291666666667,3.989439583333333,23.90386666666667,0.11359041666666668
2025-09-19,5.99877,37.05390333333333,52.288916666666665,33.23967666666667,2.0903058333333333,0.043672499999999996,4.3611095833333335,26.17938375,0.11349791666666666
2025-09-20,6.40453,37.14333166666667,51.29888333333333,33.298159166666665,2.2320254166666667,0.04606625,4.603618333333333,27.716705416666667,0.11328416666666667
2025-09-21,5.94121,37.33363666666667,49.81913791666667,33.52692041666666,2.1280645833333334,0.03954125,3.9512924999999997,22.84848458333333,0.11189125
2025-09-22,6.3628599999999995,38.04752,49.81864541666667,33.67037416666667,2.2130425,0.04587125,4.579295416666667,27.674655833333333,0.11286375
2025-09-23,4.4959,37.15779,52.03661416666667,33.44533958333333,1.6646333333333334,0.012838333333333334,1.2867775,8.314893333333332,0.11029916666666667
2025-09-24,6.21322,36.1108325,54.215483750000004,32.894508333333334,2.1116391666666665,0.039202916666666664,3.91159,23.036420833333334,0.11670291666666667
2025-09-25,6.26591,36.7257625,53.29807333333333,33.20975625,2.1504508333333336,0.041645416666666664,4.158440833333333,23.79341583333333,0.11571749999999999
2025-09-26,6.134,36.669165,54.352253749999996,33.292274166666665,2.1236604166666666,0.03616166666666667,3.6191774999999997,21.11607125,0.11562166666666666
2025-09-27,6.2257,36.605505,52.228172083333334,33.29505041666666,2.1573145833333336,0.041425,4.14131125,23.95178,0.11519875
2025-09-28,6.26209,36.63931625,49.60656541666666,33.39808958333333,2.1342720833333333,0.04116125,4.126139583333333,25.9501425,0.11634499999999999
2025-09-29,6.33104,37.01809958333333,50.85794166666667,33.3657225,2.17527625,0.04247416666666667,4.2434408333333336,25.220914166666663,0.11599416666666668
2025-09-30,6.22998,37.35814791666667,51.17629208333333,33.39713875,2.18635125,0.04416583333333333,4.420345,24.18013458333333,0.11435666666666666
2025-10-01,5.92099,37.32421,50.03963208333334,33.55339625,2.0591133333333334,0.03626708333333333,3.6412229166666665,20.801346666666667,0.114475
2025-10-02,6.23977,37.26451958333333,49.93707583333333,33.375312916666665,2.1769933333333333,0.04434333333333334,4.433580416666667,26.88847125,0.11374625
2025-10-03,6.26944,34.251620833333334,42.04389125,33.45716291666667,2.1273454166666665,0.040558333333333335,4.065178333333333,26.042482083333336,0.11657291666666668
2025-10-04,6.07007,36.200808333333335,48.537982916666664,33.59683666666667,2.0807066666666665,0.03701125,3.74483875,22.089443333333335,0.11647208333333332
2025-10-05,5.54504,36.4843525,48.41460291666667,33.53786791666666,1.9584433333333333,0.030026666666666663,3.0001391666666666,16.742424166666666,0.11382833333333332
2025-10-06,5.84755,36.6731975,48.278365,33.273817916666665,2.02726,0.034668333333333336,3.4631683333333334,19.697711666666667,0.11493708333333334
2025-10-07,5.94917,36.740351249999996,50.54299041666667,33.09428583333334,2.0483291666666665,0.036005,3.6044325,22.34924666666667,0.1151775
2025-10-08,6.23466,36.83843041666667,49.77081958333333,33.38686125,2.1441675,0.042506249999999995,4.257557916666666,24.468684999999997,0.11578541666666665
2025-10-09,6.48447,37.07515125,49.24581416666666,33.328192083333334,2.1990995833333336,0.04705041666666667,4.71465875,28.127245833333333,0.11619291666666666
2025-10-10,6.33352,36.42813125,51.386079583333334,33.32119625,2.1603720833333333,0.04326125,4.319075833333334,23.945075833333334,0.11697375
2025-10-11,5.86733,35.463005833333334,48.647622500000004,33.36364833333334,2.015645,0.03215166666666667,3.211596666666667,18.768520416666664,0.11738666666666665
2025-10-12,5.90148,34.89816166666667,46.020596250000004,33.371570416666664,2.0264941666666667,0.03249875,3.2538183333333333,19.584834166666667,0.11697333333333333
2025-10-13,5.33253,36.2062175,50.938992500000005,32.97524375,1.8337695833333332,0.0228875,2.2932945833333336,14.291763333333334,0.1171275
2025-10-14,5.20843,36.62754208333333,50.99706125,33.30334583333333,1.8034866666666665,0.021980833333333335,2.19491375,13.758928333333335,0.11693291666666666
2025-10-15,6.62767,34.4122475,44.71512166666667,33.52469125,2.225515,0.04441666666666667,4.4591883333333335,26.818529166666668,0.11843541666666667
2025-10-16,6.48355,33.31768125,40.067234166666665,33.42116291666667,2.1790129166666667,0.04186083333333334,4.1897899999999995,25.99010583333333,0.11840666666666666
2025-10-17,5.83383,36.65136458333333,49.93589958333333,33.12516,2.01040875,0.03597,3.5962091666666667,20.888247083333333,0.11577916666666667
2025-10-18,6.0375,34.4683875,44.36425583333334,33.43383791666667,2.071048333333333,0.03569166666666667,3.56836625,21.108122916666666,0.11632791666666666
2025-10-19,6.28641,36.040875416666665,50.64006208333333,33.44825625,2.1598045833333335,0.04611833333333334,4.607186250000001,27.660235416666666,0.11497708333333334
2025-10-20,6.53854,35.76238083333333,49.83713875,33.467888333333335,2.1984616666666668,0.05035583333333333,5.029364166666666,32.10265416666667,0.11718541666666667
2025-10-21,5.84145,34.00658583333333,43.25150875,32.94299875,1.9861679166666668,0.03501041666666667,3.4825125,20.00974875,0.11787874999999999
2025-10-22,6.23187,33.015637500000004,44.651860416666665,32.857319999999994,2.0310320833333333,0.038418749999999995,3.8267270833333336,23.30752,0.12202916666666667
2025-10-23,6.58736,33.89750625,42.813328750000004,33.098765,2.1604370833333335,0.045976666666666666,4.598521666666667,27.941919166666665,0.12196208333333335
2025-10-24,6.68752,34.02163458333333,36.09134625,33.63260041666667,2.1578716666666664,0.04641875,4.629499583333334,27.92333041666667,0.1239475
2025-10-25,5.41346,33.98940291666667,47.522310000000004,33.23445875,1.8408708333333335,0.026232083333333333,2.6263475,18.27921125,0.11845708333333332
2025-10-26,4.69682,33.89392708333333,47.30629041666666,32.972255833333335,1.6489408333333333,0.013888333333333334,1.3881783333333333,12.430195,0.11722166666666667
2025-10-27,6.75995,33.0484275,36.14779875,33.53196583333334,2.1224783333333335,0.04570041666666667,4.590405,27.280844166666668,0.12585375000000001
2025-10-28,6.04729,32.00439458333333,51.286696666666664,32.942079166666666,1.9769516666666667,0.03580708333333333,3.5740441666666665,21.689141250000002,0.12206833333333333
2025-10-29,5.12394,32.13007666666667,50.75332916666667,32.961207916666666,1.7340729166666666,0.020403750000000002,2.0514241666666666,14.927146666666667,0.11953333333333332
2025-10-30,6.34177,33.54014,52.10006708333333,33.11250041666667,2.0793008333333334,0.04145041666666666,4.151965416666667,24.740979999999997,0.12100916666666667
2025-10-31,6.54126,32.8189275,42.71580375,33.34595083333333,2.1973604166666667,0.04221041666666667,4.2235708333333335,25.62848083333333,0.11891208333333332
2025-11-01,6.50984,32.97373125,36.679224166666664,33.48306125,2.0345704166666665,0.03896625,3.88630625,22.985892500000002,0.1265475
2025-11-02,6.364,33.66127625,40.58232833333333,33.24639625,2.0489225,0.04142333333333333,4.137922916666667,24.572110416666664,0.12453874999999999
2025-11-03,5.94411,32.120097916666666,36.0,33.47627958333333,1.8814854166666668,0.029744166666666665,2.9860275,18.542648333333332,0.12732666666666667
2025-11-04,6.44226,32.355894166666666,39.09564791666667,33.40095291666667,2.1573758333333335,0.041947083333333336,4.20016125,26.379738333333332,0.12000166666666667
2025-11-05,4.73253,32.93079,39.93041791666666,33.24314416666667,1.5946829166666667,0.011294583333333335,1.1213533333333334,6.558812083333334,0.12185875
2025-11-06,5.02325,33.41548791666667,47.49322166666667,33.34013208333334,1.7573095833333332,0.015420833333333333,1.54508625,12.453770833333332,0.11802541666666666
2025-11-07,5.69815,33.28311333333333,42.256090416666666,33.15005791666667,1.9077175000000002,0.03729625,3.73043875,24.561556666666664,0.11746833333333334
2025-11-08,6.00291,34.30175666666667,50.230702083333334,33.03790541666667,1.9952220833333334,0.036046249999999995,3.6104041666666666,21.338955416666668,0.11967208333333333
2025-11-09,6.48495,32.862432500000004,41.19792833333333,33.35835791666667,2.1792275,0.04192208333333333,4.2000775,25.98741,0.1190075
2025-11-10,6.35508,32.844534583333335,40.09658833333334,33.387893749999996,2.132539583333333,0.0415275,4.154131666666667,25.97258791666667,0.11889125
2025-11-11,6.46783,32.72100458333333,40.35835708333333,33.375066249999996,2.1731458333333333,0.04192416666666667,4.19248125,25.989574166666667,0.11920541666666667
2025-11-12,6.25029,32.61575875,41.646719166666664,33.281699583333335,2.09563625,0.03825291666666667,3.808972916666667,24.561556666666664,0.11965875
2025-11-13,5.94919,31.935923333333335,46.99673958333333,33.07735041666667,1.9243766666666666,0.03488583333333333,3.46688625,22.095177083333336,0.12286541666666667
2025-11-14,6.48138,32.586394166666665,38.878079166666666,33.36753625,2.1779816666666667,0.04177375,4.181107083333333,25.99010583333333,0.11923541666666666
2025-11-15,5.8684400000000005,32.549092916666666,37.20996916666667,33.28096375,1.9315154166666666,0.02837416666666667,2.8371329166666666,17.7714125,0.12262624999999999
2025-11-16,4.78256,31.323258749999997,40.0872925,33.24571458333333,1.5628679166666668,0.010287916666666667,1.0353095833333332,8.463734583333332,0.12462125
2025-11-17,4.73192,31.50708125,48.10296708333333,32.89705166666666,1.5977695833333332,0.013278749999999999,1.3310620833333333,12.121212083333333,0.1210825
2025-11-18,6.48675,32.20574791666667,38.832969999999996,33.27672916666666,2.1793804166666666,0.04193416666666667,4.1926958333333335,25.98741,0.1201425
2025-11-19,6.47464,32.4147825,38.92456541666667,33.33275375,2.175575,0.04186791666666667,4.188419166666667,25.99010583333333,0.11991916666666667
2025-11-20,6.47881,32.178592916666666,38.59747,33.3460975,2.176820833333333,0.04192416666666667,4.1906525,25.99010583333333,0.12063375
2025-11-21,6.34466,31.974741249999997,38.14204208333333,33.340257083333334,2.128530833333333,0.041579583333333336,4.1603812499999995,25.97258791666667,0.12196791666666668
2025-11-22,6.48488,32.49811583333334,38.957366666666665,33.36706625,2.17888125,0.04195833333333334,4.19799125,25.99010583333333,0.11985958333333334
2025-11-23,5.86378,31.033305,37.88099416666667,33.39943541666667,1.9098387499999998,0.027489583333333335,2.74259,16.017769583333333,0.1243275
2025-11-24,4.95281,29.5489725,47.29076083333334,32.784267916666664,1.609845,0.013335416666666667,1.3372866666666667,12.008715416666666,0.12488250000000001
2025-11-25,5.56721,30.283156666666667,40.74260208333333,33.24121375,1.8023908333333332,0.020934166666666667,2.0836508333333335,15.107376666666667,0.12547291666666668
2025-11-26,6.58373,31.471252083333336,37.81618791666667,33.280042916666666,2.125955,0.04130291666666667,4.13303,23.809175,0.12408124999999999
2025-11-27,6.56262,30.243020833333333,36.404572083333335,33.343975416666666,1.9646604166666668,0.03489333333333333,3.4831183333333335,21.958796250000002,0.13272583333333335
2025-11-28,6.48601,32.34316625,38.691528749999996,33.357022916666665,2.17900375,0.04189416666666667,4.19092875,25.98741,0.12048791666666668
2025-11-29,6.47759,32.879575833333334,39.526855,33.3591925,2.1767608333333333,0.04189500000000001,4.191776666666667,25.99010583333333,0.11867166666666668
2025-11-30,5.85374,31.018975,38.018141666666665,33.40611958333333,1.9389416666666666,0.03580833333333334,3.5847708333333332,23.321612916666666,0.12440291666666665
2025-12-01,5.29425,30.29040458333333,44.57026041666666,32.95318666666667,1.7643770833333334,0.021339999999999998,2.13139,14.11127125,0.12200791666666666
2025-12-02,4.47653,30.408696250000002,46.23065666666667,32.48612583333333,1.50526875,0.007665833333333333,0.7593720833333334,4.7342354166666665,0.12104708333333332
2025-12-03,6.09356,31.518825000000003,37.18819916666667,33.28324083333333,1.9489933333333334,0.030922500000000002,3.0943845833333334,19.023754583333332,0.12401291666666665
2025-12-04,6.62888,31.249884166666664,37.64035666666667,33.329089583333335,2.18704375,0.042166666666666665,4.22338375,26.39657916666667,0.1236025
2025-12-05,6.48913,32.10529625,38.26511541666667,33.332848750000004,2.17983125,0.04184833333333334,4.1894475,25.99010583333333,0.12096833333333333
2025-12-06,5.87064,30.821720833333334,37.50223333333333,33.32971333333334,1.9058062500000001,0.028092500000000003,2.8197545833333333,18.69184458333333,0.12574166666666667
2025-12-07,5.84561,30.16793625,37.381814999999996,33.29088166666667,1.9005237499999998,0.02691666666666667,2.6964470833333336,18.43120625,0.12573874999999998
2025-12-08,5.86569,30.776797083333335,37.312397499999996,33.37970166666667,1.9436708333333332,0.030832916666666668,3.086935,19.34417708333333,0.12362208333333334
2025-12-09,5.1179,30.5340375,37.46516583333334,33.4232925,1.7763933333333333,0.022225833333333334,2.21900625,15.20468625,0.11506708333333333
2025-12-10,6.1773,32.24453125,39.04776458333333,33.406015833333335,2.073049166666667,0.03985666666666667,3.9918329166666666,25.610962916666665,0.11765458333333334
2025-12-11,4.63505,30.74708375,38.13003416666667,33.30729958333333,1.6595087499999999,0.01493625,1.4954633333333334,8.584415833333333,0.11384041666666667
2025-12-12,4.49935,29.145474583333336,37.0613175,33.45492083333333,1.63328,0.0137125,1.3764204166666667,13.003184583333335,0.11166875
2025-12-13,5.25052,30.2661525,37.073929166666666,33.366827083333334,1.8593008333333332,0.029839166666666667,2.973215833333333,17.895596666666666,0.11351291666666667
2025-12-14,5.14462,29.304353333333335,27.8567025,33.39387583333333,1.8069420833333334,0.0223425,2.2347170833333334,15.316191666666667,0.11569458333333334
2025-12-15,5.31007,29.088845833333334,24.976287499999998,33.23225583333333,1.8431274999999998,0.027481250000000002,2.7420520833333337,16.3915775,0.11628458333333334
2025-12-16,4.31326,28.19701375,26.842257500000002,33.16531666666666,1.5316875,0.011986666666666666,1.2078579166666668,11.584268333333334,0.11538791666666666
2025-12-17,4.54989,28.531782500000002,38.871147083333334,33.3534025,1.5798229166666669,0.012150833333333333,1.2073866666666666,9.814864583333334,0.11710666666666668
2025-12-18,5.48107,28.88026125,38.42141083333333,33.37698375,1.87158625,0.02739583333333333,2.7519787499999997,16.13916625,0.1176675
2025-12-19,5.04727,29.44609625,44.642955416666666,33.414109583333335,1.8046133333333332,0.02709875,2.69941625,16.14192,0.11295291666666667
2025-12-20,5.11501,29.576586250000002,47.678615416666666,33.39656875,1.8363045833333331,0.028628333333333335,2.8568225,17.32683875,0.11253583333333333
2025-12-21,4.33974,29.762259166666666,42.667030000000004,33.43076333333333,1.5733724999999998,0.011826666666666666,1.1925425,11.117129583333332,0.11445208333333333
2025-12-22,4.5969,29.693261250000003,38.909126666666666,33.428501250000004,1.5915949999999999,0.01297,1.2853345833333334,10.26253125,0.11708416666666667
2025-12-23,4.58118,29.930735,40.362455833333335,33.46101625,1.6130216666666666,0.014252916666666665,1.4198283333333332,10.468219583333333,0.115555
2025-12-24,4.54574,29.678642083333333,42.059746249999996,33.44291416666667,1.6228629166666666,0.014530833333333333,1.4478508333333335,10.29397,0.11329208333333333
2025-12-25,4.66943,28.590756666666667,37.846916666666665,33.22391291666667,1.6259720833333333,0.015685833333333333,1.5808499999999999,14.211416666666667,0.11548958333333333
2025-12-26,4.93669,27.688147083333334,23.027483750000002,33.301262916666666,1.6881358333333332,0.019574166666666667,1.95876,13.08883375,0.11761541666666668
2025-12-27,5.6527,25.970296666666666,17.035094166666667,33.205758333333335,1.9065404166666668,0.03233375,3.25011875,17.811892083333333,0.11876166666666667
2025-12-28,5.76848,27.312155,21.03726,33.13483958333333,1.93893,0.03474125,3.4754583333333335,20.884986666666666,0.11806208333333333
2025-12-29,5.09298,26.506518749999998,32.509146666666666,33.36102916666667,1.718635,0.019732916666666666,1.9718408333333333,14.44393625,0.11932583333333334
2025-12-30,4.57906,28.71737625,39.21114875,33.440979166666665,1.6139774999999998,0.01146875,1.1472441666666666,9.174817916666667,0.11653666666666666
2025-12-31,5.3806199999999995,28.364040833333334,39.14105916666667,33.45713916666667,1.8187066666666667,0.026891666666666664,2.6904629166666667,15.635330000000002,0.11822
2026-01-01,4.65392,27.14474875,38.57867208333334,33.44682916666667,1.5895379166666668,0.012626666666666666,1.2588591666666666,11.987514583333335,0.11902
2026-01-02,5.7994,25.823446666666666,30.84097583333333,33.33219625,1.9181020833333333,0.03226625,3.23455375,18.714,0.12032375000000001
2026-01-03,5.00608,26.168833333333335,22.087139166666663,33.51177916666666,1.70183,0.018840833333333334,1.8840750000000002,14.04934875,0.11870458333333334
2026-01-04,4.60616,26.194354166666667,22.087139166666663,33.302275,1.5905175,0.012167083333333334,1.2101745833333333,11.8740425,0.11812541666666666
2026-01-05,4.8423799999999995,25.81198375,21.06455875,33.30026625,1.6179258333333333,0.013563333333333335,1.357735,12.131372916666665,0.12081166666666666
2026-01-06,5.2722999999999995,23.35935166666667,17.818000416666667,33.38572625,1.7626799999999998,0.022500416666666665,2.2565654166666667,13.797326666666665,0.12185416666666667
2026-01-07,5.48941,23.921542916666667,18.013587916666665,33.49088666666667,1.8209183333333334,0.025067499999999996,2.50997375,16.590479166666665,0.12080708333333334
2026-01-08,4.62273,24.806022083333332,21.03726,33.487339999999996,1.6012141666666666,0.012678333333333333,1.2706383333333333,12.113107916666666,0.11830249999999999
2026-01-09,5.40111,22.499242083333332,15.0,33.31841708333334,1.8091875,0.024630833333333334,2.4645745833333335,15.483053750000002,0.12059666666666667
2026-01-10,5.39802,24.73325125,18.718564583333333,33.471810833333336,1.8225033333333334,0.02641708333333333,2.6368458333333336,15.35729,0.11824083333333334
2026-01-11,4.72959,27.37519,25.092399583333332,33.434362916666664,1.6599270833333335,0.01193125,1.1972458333333333,10.527930833333333,0.116435
2026-01-12,5.39351,26.3866775,21.03726,33.472860833333336,1.8289095833333333,0.028775416666666664,2.8741800000000004,17.551229583333335,0.11703666666666666
2026-01-13,4.66105,24.686494999999997,15.0,33.43538291666667,1.6471754166666666,0.015475833333333334,1.5573870833333334,12.629885,0.11496791666666667
2026-01-14,4.50122,26.17096375,19.92840625,33.45165625,1.5861283333333331,0.011439166666666667,1.1392479166666667,10.471697916666667,0.11572791666666667
2026-01-15,5.550730000000001,27.971110416666665,22.078811666666667,33.45292,1.9088829166666665,0.029419583333333332,2.9472541666666667,17.35713541666667,0.11631208333333333
2026-01-16,5.64703,27.349628749999997,15.0,33.34500333333333,1.9505479166666666,0.036465000000000004,3.6644691666666667,21.361662083333332,0.11441791666666667
2026-01-17,5.35877,29.304412916666667,18.939027499999998,33.34019416666667,1.8954266666666666,0.030205,3.0254545833333335,18.346627916666666,0.11354375
2026-01-18,5.4405,29.40294125,21.03726,33.33742208333333,1.9172754166666666,0.030189583333333336,3.013525,16.772145833333333,0.11479041666666667
2026-01-19,4.55439,28.977260833333332,22.941994166666664,33.363054166666664,1.6379266666666668,0.014030833333333333,1.4113020833333334,11.6227225,0.11431791666666667
2026-01-20,4.59616,28.24801875,22.087139166666663,33.4669975,1.6257883333333334,0.013220416666666667,1.3233283333333334,12.411704583333332,0.11573166666666668
2026-01-21,5.79642,26.841011666666663,22.078811666666667,33.52231583333333,1.9644545833333333,0.029650416666666665,2.9704883333333334,17.7334575,0.11859625
2026-01-22,5.70847,25.21638625,18.718564583333333,33.55036041666667,1.8991479166666665,0.029766666666666667,2.97989625,18.175540833333333,0.11988291666666667
2026-01-23,5.08661,26.836524999999998,23.01257875,33.49451666666667,1.7417025,0.020525833333333333,2.0506975,14.254995416666667,0.11814625000000001
2026-01-24,4.7985299999999995,27.394495000000003,23.072354166666667,33.4157125,1.6718370833333331,0.015949166666666667,1.61258125,14.527963333333332,0.11693416666666667
2026-01-25,5.48634,28.221847916666665,24.05084791666667,33.25335041666667,1.8589829166666665,0.025322916666666667,2.53605375,15.49620375,0.11813625
2026-01-26,6.32413,29.370956250000003,25.890792083333334,33.18843541666667,2.149442083333333,0.04133,4.1340175,23.967235416666668,0.1173125
2026-01-27,5.88246,28.6349525,21.03726,33.180885833333335,2.020650416666667,0.039697916666666666,3.9709825,22.00162125,0.11630499999999999
2026-01-28,4.78982,25.623967500000003,23.203646666666668,33.32965,1.66902,0.014714166666666667,1.4846041666666665,13.27309625,0.11723458333333332
2026-01-29,4.72749,25.796240416666667,17.052250833333332,33.23445916666667,1.6394454166666668,0.014400000000000001,1.4399391666666668,13.38047375,0.11796666666666666
2026-01-30,5.67718,29.17477291666667,24.939736666666665,33.20812958333333,1.958245,0.031552500000000004,3.1640441666666668,18.94355125,0.11669041666666667
2026-01-31,5.8601399999999995,29.56480625,24.990681249999998,33.16394708333333,1.9965479166666666,0.036241666666666665,3.6279970833333333,21.772595,0.11758958333333334
2026-02-01,6.17382,28.947779583333332,25.004065416666666,33.281382916666665,2.0797333333333334,0.040064583333333334,4.00139375,23.931946666666665,0.1183825
2026-02-02,6.52007,27.694923333333332,24.081307916666663,33.23573625,2.1191308333333336,0.04299041666666667,4.3123829166666665,25.817835416666668,0.1209225
2026-02-03,5.16025,27.941931666666665,24.05084791666667,33.337370416666666,1.7822345833333333,0.020785416666666667,2.06929625,15.123715416666668,0.11740666666666666
2026-02-04,4.93674,28.3290975,24.084800416666667,33.212659583333334,1.7117958333333334,0.01571875,1.57005,14.091341666666667,0.11723416666666665
2026-02-05,5.74407,29.120324999999998,22.173346249999998,33.144283333333334,1.9604254166666666,0.0315675,3.16874,18.9607725,0.116595
2026-02-06,5.93691,29.485932916666666,22.119398333333333,33.246364166666666,2.0287254166666666,0.03653666666666667,3.6712004166666667,21.634984583333335,0.11656083333333334
2026-02-07,4.93051,28.623217916666665,24.093370833333335,33.29905625,1.7223454166666665,0.01766,1.7720841666666667,13.372642916666665,0.11661791666666667
2026-02-08,6.07966,26.106955833333334,22.087139166666663,33.50994875,2.0012916666666665,0.03492291666666667,3.4860929166666668,21.53598291666667,0.12105583333333332
2026-02-09,5.90659,25.698446666666666,21.03726,33.513832916666665,1.9490679166666667,0.03172875,3.1848612500000004,18.76805625,0.12066624999999999
2026-02-10,5.05248,25.962901666666667,20.75365875,33.479492916666665,1.7320833333333334,0.017420416666666667,1.75179,13.922493333333334,0.11836291666666666
2026-02-11,4.94749,26.984954166666668,21.03726,33.480435,1.72251125,0.017073750000000002,1.7110941666666666,13.290555,0.11680708333333334
2026-02-12,5.10907,27.194190833333334,19.92840625,33.297632916666664,1.7794324999999998,0.019823333333333335,1.9842133333333332,14.203952083333334,0.11596791666666667
2026-02-13,4.99696,29.105309583333334,24.878890416666668,33.370934166666665,1.75986375,0.017402499999999998,1.7486845833333333,14.2092325,0.11565041666666666
2026-02-14,4.82658,29.717790833333336,24.976287499999998,33.26039083333333,1.7273995833333335,0.01645416666666667,1.6439899999999998,13.425511666666667,0.11488416666666668
2026-02-15,4.57271,29.870205416666668,21.03726,33.316756250000005,1.67806375,0.015587499999999999,1.5535533333333333,13.2677925,0.11270458333333333
2026-02-16,4.79321,30.18795291666667,23.18235291666667,33.281865,1.7267145833333333,0.016465,1.6339941666666666,14.0276625,0.11416833333333333
2026-02-17,5.7139299999999995,30.26118,24.976287499999998,33.27374125,2.0024833333333336,0.03263708333333334,3.2683216666666666,19.075735833333333,0.11577708333333332
2026-02-18,5.35768,28.414354583333335,21.03726,33.50936791666667,1.8640208333333332,0.0277775,2.7810008333333336,16.893365416666665,0.11678416666666668
2026-02-19,5.4428,29.547602916666666,24.05084791666667,33.419489166666665,1.8997233333333334,0.02772541666666667,2.7759808333333336,17.244814166666668,0.11596583333333334
2026-02-20,5.63674,29.3781875,22.078811666666667,33.34517125,1.9716079166666667,0.028751250000000002,2.8859866666666663,17.479293333333334,0.11570375
2026-02-21,5.20574,28.645176666666668,18.013587916666665,33.292800416666665,1.8639379166666667,0.023854583333333332,2.38888625,15.44501125,0.11396625
2026-02-22,5.04612,29.861270833333332,21.03726,33.35603833333334,1.81430125,0.021815,2.1867179166666664,15.031185833333334,0.11314833333333334
2026-02-23,4.92971,29.738579583333333,18.277385,33.28211125,1.805925,0.020195833333333333,2.02033625,14.721468333333334,0.11193874999999999
2026-02-24,5.72534,30.512627499999997,21.178819999999998,33.28213708333333,2.01195375,0.03416,3.4075012500000006,20.960719166666667,0.11398833333333334
2026-02-25,5.56018,30.911905833333332,18.967576666666666,33.339842499999996,1.9953625,0.032307083333333333,3.22593625,20.868500833333332,0.11239624999999999
2026-02-26,5.88694,31.401602916666665,21.03726,33.36769666666667,2.1025750000000003,0.03965083333333334,3.9681354166666662,24.11555208333333,0.1132075
2026-02-27,5.91441,31.99875833333333,21.658832916666668,33.6293325,2.1427308333333333,0.03809041666666667,3.8109445833333333,21.317828333333335,0.11183416666666667
2026-02-28,6.1766,31.337650416666666,21.03726,33.39898208333333,2.1662095833333335,0.044069166666666666,4.412145416666667,27.174262083333332,0.11383166666666666
2026-03-01,6.5384,30.40522125,23.6042175,33.442346666666666,2.2198925,0.04485624999999999,4.500907499999999,28.175860416666666,0.11502416666666666
2026-03-02,6.2376000000000005,31.868184166666666,33.5422725,33.323209166666665,2.1520033333333335,0.04192333333333333,4.1917816666666665,24.61176,0.11487958333333333
2026-03-03,5.522,30.960165833333335,22.90744583333333,33.40326916666667,1.9459549999999999,0.030694583333333334,3.0624258333333336,20.397446666666667,0.11414916666666668
2026-03-04,6.31543,29.613096666666667,18.542662500000002,33.44285,2.1487991666666666,0.04077708333333333,4.078974166666667,25.767715,0.11638291666666667
2026-03-05,6.45535,30.007933750000003,22.052790833333333,33.225370833333336,2.1589020833333334,0.04305208333333333,4.303928333333333,26.69467416666667,0.118535
2026-03-06,5.45239,28.612963333333337,20.728759166666666,33.44996166666667,1.8899937500000001,0.0244475,2.438161666666667,16.47157208333333,0.11711833333333332
2026-03-07,5.52551,29.265241250000003,21.03726,33.513270416666664,1.9247625,0.023959583333333336,2.4019991666666667,16.150494583333334,0.11663708333333334
2026-03-08,5.77416,29.950110416666664,24.05084791666667,33.44193125,2.0086625000000002,0.02933,2.9423495833333333,16.318414583333333,0.11639624999999999
2026-03-09,6.7234,29.55083875,22.087139166666663,33.48637875,2.2731904166666665,0.04890916666666666,4.8943975,29.370775,0.11768708333333333
2026-03-10,5.62521,28.252686315789475,22.62601263157895,33.47615368421052,2.410792105263158,0.036276315789473684,3.630305789473684,19.246492631578946,0.1195757894736842
