LocalTime,Wh,DHT11_temp,DHT11_humidity,LM35_tempC,Temperature,T Max,T Min,Td dew point,SunShine,SunshineRate,GloblRad,UVI Max,TxSoil0cm,TxSoil5cm,TxSoil10cm,TxSoil20cm,TxSoil30cm,TxSoil50cm,TxSoil100cm,Cloud Amount Sat
2025-04-22,0.2485,32.7143,56.0,33.5514,27.4,32.4,22.3,21.6,11.1,86.5,27.1,10,25.9,25.4,25.8,26.4,26.2,25.1,24.6,
2025-04-23,8.3097,34.48270869565217,57.278039130434784,33.80604782608695,26.8,30.6,24.2,21.7,1.4,10.9,11.98,5,25.8,25.3,25.7,26.5,26.4,25.3,24.8,
2025-04-24,6.9634,34.196852173913044,58.76493478260869,33.86273043478261,26.6,29.4,25.3,23.0,0.6,4.7,8.44,4,26.2,25.7,26.1,26.7,26.5,25.4,25.0,
2025-04-25,8.9826,34.00667826086956,56.005300000000005,33.743278260869566,24.2,26.7,21.5,20.3,1.0,7.7,11.12,6,25.1,24.9,25.4,26.4,26.4,25.3,25.1,
2025-04-26,6.5959,33.346095652173915,41.93794782608696,33.35827391304348,23.0,25.4,21.1,19.5,0.0,0.0,6.66,3,24.3,24.1,24.6,25.8,25.9,24.9,25.2,
2025-04-27,9.2119,33.22765217391304,55.964239130434784,33.61853913043478,25.4,30.5,21.3,20.6,8.9,68.8,22.56,8,25.1,24.6,24.9,25.7,25.7,24.7,25.2,
2025-04-28,7.5293,33.53123913043478,59.4286,33.77197826086957,23.4,25.1,21.4,20.7,0.6,4.6,5.98,3,24.8,24.6,25.0,26.0,26.0,25.0,25.2,
2025-04-29,9.3974,33.05398260869565,57.85599565217391,33.42781304347826,24.8,30.3,20.6,18.5,5.2,40.1,17.93,8,24.1,23.9,24.3,25.4,25.5,24.6,25.2,
2025-04-30,9.7941,33.639900000000004,52.132200000000005,33.70393913043478,25.1,29.9,20.9,19.8,7.0,53.8,20.25,7,24.4,24.1,24.5,25.4,25.5,24.5,25.2,
2025-05-01,8.8412,33.05925652173913,54.96266086956522,33.829543478260874,24.9,27.5,22.4,18.4,0.3,2.3,10.01,3,24.4,24.2,24.6,25.7,25.7,24.7,25.1,9.0
2025-05-02,7.3628,33.293121739130434,49.95189565217391,33.58476521739131,26.2,31.6,20.7,19.6,11.1,85.1,26.33,9,24.9,24.4,24.7,25.6,25.6,24.6,25.2,5.1
2025-05-03,10.9112,34.19676086956522,54.958491304347824,33.818534782608694,27.4,30.8,24.6,20.9,1.4,10.7,16.12,7,25.8,25.3,25.6,26.2,26.2,25.1,25.2,9.7
2025-05-04,8.381,34.17410869565217,53.38494347826087,32.995295652173915,27.9,32.1,24.2,22.0,7.8,59.6,23.03,10,26.3,25.7,26.1,26.6,26.5,25.4,25.3,8.3
2025-05-05,7.1587000000000005,34.43517391304348,49.17967391304347,33.3139,28.3,32.7,25.5,23.5,7.4,56.5,22.34,9,27.5,26.7,27.0,27.3,27.1,25.9,25.5,5.9
2025-05-06,8.6518,36.30325217391304,55.15249565217391,33.01543043478261,28.1,32.4,24.6,23.1,3.6,27.4,16.1,9,27.4,26.9,27.2,27.7,27.5,26.4,25.7,8.7
2025-05-07,6.6919,34.26066956521739,57.92013043478261,33.189373913043475,24.8,28.4,22.8,22.8,0.0,0.0,6.28,4,25.9,25.6,26.2,27.3,27.2,26.3,26.0,10.0
2025-05-08,8.461500000000001,34.738291304347825,58.48994347826088,33.775926086956524,27.2,32.0,23.4,23.0,6.4,48.7,21.88,10,26.8,26.2,26.5,27.1,27.0,26.0,26.0,7.3
2025-05-09,8.1121,35.35212173913043,56.3095347826087,33.811286956521734,28.8,34.6,24.9,23.4,6.1,46.2,17.34,9,27.1,26.6,27.0,27.5,27.4,26.3,26.1,9.7
2025-05-10,6.986,33.5893695652174,55.73057391304348,33.68103913043478,26.0,28.9,23.5,23.9,0.8,6.1,6.91,3,26.7,26.3,26.8,27.7,27.7,26.5,26.2,9.9
2025-05-11,6.7087,33.15704782608696,49.666939130434784,33.50952608695652,21.3,25.1,20.0,19.7,0.0,0.0,3.71,2,24.6,24.5,25.1,26.8,27.0,26.1,26.4,10.0
2025-05-12,9.2641,32.056665217391306,59.41456956521739,32.87560434782609,24.1,27.3,20.0,20.7,0.4,3.0,12.81,6,24.6,24.2,24.5,25.8,26.1,25.2,26.3,9.6
2025-05-13,8.1643,33.42396956521739,57.94665652173912,32.70973478260869,26.3,31.7,22.1,19.3,11.2,84.6,27.46,12,25.5,25.1,25.6,26.5,26.5,25.4,26.1,2.3
2025-05-14,7.6941,34.1456,54.20649130434782,33.66633043478261,26.8,32.3,21.0,18.7,11.4,86.0,28.03,12,25.4,25.2,25.6,26.7,26.8,25.7,26.1,1.5
2025-05-15,7.521599999999999,35.19634782608696,53.08534347826087,33.638991304347826,27.9,32.7,22.8,20.1,11.2,84.4,27.42,11,26.2,25.8,26.2,27.1,27.2,26.0,26.1,3.0
2025-05-16,8.2657,36.36156521739131,52.355804347826094,33.31856086956522,28.5,33.2,24.4,21.9,8.2,61.5,23.28,10,27.2,26.7,27.1,27.8,27.7,26.5,26.3,3.3
2025-05-17,8.021700000000001,35.13265652173913,48.84204782608696,32.744,28.8,32.7,25.3,23.7,7.8,58.6,22.03,10,27.9,27.4,27.7,28.4,28.2,27.0,26.4,3.6
2025-05-18,7.7375,34.844213043478256,49.92516086956522,33.45527826086957,28.8,32.6,26.4,23.7,6.5,48.8,21.0,11,28.5,27.9,28.2,28.8,28.6,27.4,26.7,4.4
2025-05-19,8.0383,35.80816086956522,52.08164782608696,33.716552173913044,28.9,32.8,25.2,23.5,7.8,58.5,22.69,10,28.4,27.9,28.3,28.9,28.7,27.6,26.9,6.0
2025-05-20,7.9825,36.006973913043474,50.21990434782609,33.23107391304348,29.6,33.7,26.3,22.5,9.9,74.2,25.62,12,28.6,28.1,28.6,29.2,29.0,27.8,27.1,5.8
2025-05-21,8.284,36.59802608695652,50.34593043478261,32.8281,29.4,32.9,27.1,23.6,2.5,18.7,15.33,8,28.6,28.2,28.6,29.3,29.2,28.1,27.3,9.6
2025-05-22,7.8973,35.97274782608696,47.85054782608695,33.7559347826087,29.4,34.3,25.7,23.2,7.9,58.9,24.68,12,28.7,28.3,28.6,29.4,29.2,28.1,27.4,7.1
2025-05-23,8.1109,35.97662173913044,47.095600000000005,33.51708260869565,29.8,33.5,26.3,23.2,7.5,56.0,22.86,10,28.9,28.4,28.9,29.6,29.4,28.3,27.6,7.5
2025-05-24,7.5984,33.98802173913044,36.21106956521739,32.7155347826087,27.5,31.1,24.9,23.1,0.8,6.0,8.94,6,27.9,27.7,28.3,29.4,29.4,28.3,27.7,10.0
2025-05-25,8.6567,33.93852608695652,38.40658260869565,32.898856521739134,24.4,27.1,22.4,19.1,0.3,2.2,11.74,9,26.1,26.1,26.7,28.4,28.6,27.7,27.8,9.9
2025-05-26,6.8032,33.283,54.2770652173913,33.273339130434785,22.5,24.4,20.9,18.2,0.0,0.0,5.39,3,24.8,24.7,25.4,27.3,27.7,26.9,27.7,9.7
2025-05-27,8.5039,33.42817391304347,55.09180869565217,33.21692608695652,26.4,31.2,20.7,20.7,8.1,60.3,22.75,10,25.9,25.4,25.8,27.0,27.2,26.4,27.5,8.9
2025-05-28,8.401,34.4947304347826,56.74617826086956,33.10763043478261,26.5,29.6,23.5,22.6,0.6,4.5,10.96,5,26.8,26.4,26.9,27.8,27.8,26.8,27.3,10.0
2025-05-29,6.4936,33.387026086956524,45.18612608695652,33.160495652173914,23.5,25.5,22.1,22.4,0.0,0.0,4.35,3,25.8,25.5,25.9,27.3,27.5,26.6,27.3,10.0
2025-05-30,7.647299999999999,33.460639130434785,50.21264347826087,33.40873913043478,26.1,31.2,21.7,20.8,6.8,50.5,21.94,11,25.7,25.6,26.0,27.1,27.2,26.3,27.2,7.1
2025-05-31,8.3352,34.129739130434785,55.7593,33.360565217391304,28.1,32.7,24.3,21.7,7.4,54.9,24.91,12,27.1,26.6,26.9,27.6,27.6,26.5,27.1,6.3
2025-06-01,8.8364,34.15755217391304,54.06025217391304,33.59673478260869,28.6,32.7,24.7,23.5,4.7,34.8,19.39,11,27.8,27.3,27.7,28.2,28.1,27.0,27.1,8.3
2025-06-02,8.0292,35.51448260869565,57.110460869565216,33.0922,28.6,31.8,26.4,25.2,1.6,11.8,12.0,9,28.2,27.8,28.2,28.8,28.6,27.5,27.2,9.7
2025-06-03,6.1049,34.25180434782609,56.51796956521739,32.72528695652174,26.9,28.4,25.5,25.0,0.0,0.0,4.17,3,27.7,27.3,27.7,28.6,28.6,27.5,27.4,10.0
2025-06-04,6.582,33.428265217391306,45.63595217391304,33.358386956521734,27.0,29.9,24.3,24.5,1.5,11.1,10.04,5,27.6,27.1,27.5,28.4,28.4,27.3,27.4,9.9
2025-06-05,7.6149,35.47311739130435,59.41480869565218,32.85897826086956,27.2,31.2,25.5,24.9,1.4,10.3,12.83,8,27.9,27.4,27.8,28.5,28.5,27.4,27.5,10.0
2025-06-06,9.6419,35.1197304347826,57.58375217391305,33.01478695652174,28.0,31.0,25.3,24.8,1.7,12.5,15.75,8,28.1,27.7,28.1,28.7,28.7,27.5,27.5,8.6
2025-06-07,8.6771,34.98671304347826,52.73573913043479,33.62543478260869,29.4,33.4,26.6,24.9,6.7,49.5,23.58,12,29.0,28.5,28.8,29.2,29.1,27.8,27.5,5.5
2025-06-08,8.8894,34.50357826086957,43.34689565217391,33.315156521739134,29.6,32.7,26.7,25.0,6.9,50.9,22.37,12,29.3,28.8,29.3,29.8,29.6,28.3,27.7,7.8
2025-06-09,8.087,35.84629130434782,45.86463913043478,33.425517391304346,30.0,33.6,27.1,24.5,6.7,49.4,21.97,10,29.5,29.1,29.5,30.1,29.9,28.6,27.9,9.3
2025-06-10,7.6207,34.0,36.0,33.71524782608696,30.6,34.8,26.2,24.6,10.2,75.2,28.51,13,29.6,29.2,29.6,30.2,30.1,28.8,28.1,6.2
2025-06-11,7.6899,34.0,36.0,33.43810434782609,30.3,34.3,27.4,25.3,9.7,71.5,27.22,12,30.1,29.6,30.0,30.6,30.4,29.2,28.3,2.8
2025-06-12,6.9129,34.0,36.0,33.18862173913043,29.2,33.2,26.9,25.1,3.4,25.1,14.11,8,29.7,29.3,29.8,30.7,30.6,29.4,28.5,7.8
2025-06-13,5.7131,34.0,36.0,32.97480434782609,25.7,28.1,24.6,23.9,0.0,0.0,3.67,3,27.8,27.6,28.2,29.7,29.9,28.9,28.7,10.0
2025-06-14,9.5031,34.56138260869565,42.9408,32.89303043478261,29.1,33.3,24.6,23.7,2.5,18.4,17.7,10,28.0,27.5,27.9,28.9,29.0,28.1,28.7,9.8
2025-06-15,6.9852,35.38329130434783,49.53641739130435,33.03936521739131,30.9,35.1,27.1,22.6,10.9,80.3,28.5,14,28.8,28.4,28.8,29.5,29.4,28.3,28.5,4.7
2025-06-16,7.5942,35.0,36.0,33.33193913043478,28.2,32.0,25.7,24.0,1.1,8.1,10.49,7,28.3,28.1,28.5,29.6,29.6,28.5,28.5,9.9
2025-06-17,8.82,35.0,36.0,33.363860869565215,28.2,31.1,24.7,23.6,3.9,28.7,17.26,9,28.5,28.1,28.5,29.5,29.5,28.5,28.5,9.9
2025-06-18,9.1732,34.915786956521735,36.152478260869565,33.3772,28.5,33.5,25.6,22.7,5.1,37.5,22.01,12,28.4,28.1,28.5,29.5,29.4,28.4,28.5,9.3
2025-06-19,7.4633,34.951447826086955,36.42281304347826,33.49097391304348,29.3,34.0,24.7,22.7,10.2,75.1,26.73,13,28.3,28.0,28.5,29.5,29.6,28.5,28.6,8.0
2025-06-20,7.786399999999999,36.765113043478266,42.78791739130435,33.57727391304348,29.5,34.3,25.9,23.3,8.0,58.9,25.95,11,29.1,28.7,29.1,29.9,29.9,28.7,28.6,9.3
2025-06-21,8.1487,35.0,35.0,33.61023478260869,29.6,34.1,26.2,23.8,9.2,67.7,25.69,10,29.4,29.1,29.5,30.4,30.3,29.1,28.7,6.1
2025-06-22,8.6398,35.0,35.0,33.3456,29.8,33.4,26.9,24.0,8.7,64.0,24.31,11,29.6,29.3,29.8,30.6,30.5,29.4,28.8,8.1
2025-06-23,8.3555,34.945269565217394,35.30458695652174,33.660495652173914,30.0,33.9,26.7,23.5,8.7,64.0,26.1,12,29.6,29.3,29.7,30.7,30.6,29.5,29.0,4.2
2025-06-24,8.2741,34.80619130434783,35.62786086956522,33.83753478260869,30.2,34.0,27.2,23.4,8.0,58.9,23.64,11,29.7,29.4,29.9,30.8,30.7,29.6,29.1,7.1
2025-06-25,7.5619,38.63802173913043,45.192839130434784,33.73592608695652,29.4,33.0,27.3,24.1,3.3,24.3,15.45,8,29.5,29.2,29.7,30.8,30.7,29.7,29.2,7.7
2025-06-26,8.1547,36.86010869565217,35.458939130434786,33.7534652173913,28.5,33.1,22.3,23.1,6.7,49.3,18.82,9,28.9,28.8,29.4,30.6,30.6,29.6,29.3,6.5
2025-06-27,6.1205,37.0,35.0,33.44332173913044,26.9,34.0,22.1,22.3,6.0,44.2,20.41,11,27.3,27.1,27.5,29.1,29.2,28.1,29.2,5.0
2025-06-28,7.9424,37.0,35.0,33.24621739130435,28.8,33.0,23.5,21.8,9.6,70.7,25.98,10,27.6,27.4,27.9,29.2,29.3,28.3,29.1,3.5
2025-06-29,8.274000000000001,36.86010869565217,35.458939130434786,33.29467826086957,28.5,33.1,25.5,23.5,6.3,46.4,21.41,10,28.4,28.1,28.5,29.6,29.6,28.6,29.0,7.4
2025-06-30,7.6651,37.0,35.0,33.44601739130435,29.5,33.6,24.8,24.2,7.7,56.8,20.45,8,28.6,28.3,28.7,29.7,29.8,28.7,29.0,1.2
2025-07-01,8.2763,37.0,35.0,33.59798695652174,30.4,34.2,27.0,25.3,7.4,54.6,20.09,8,29.5,29.1,29.4,30.2,30.1,29.0,29.0,3.3
2025-07-02,8.813,37.0,35.0,33.669991304347825,30.7,33.8,27.9,25.1,6.1,45.0,19.44,8,29.8,29.4,29.8,30.5,30.4,29.3,29.1,3.4
2025-07-03,8.1892,36.85831304347826,35.30458695652174,33.79533913043478,30.9,33.9,28.0,24.7,6.6,48.7,18.02,6,29.7,29.4,29.8,30.7,30.6,29.5,29.2,3.5
2025-07-04,6.8473,36.80401304347826,35.32115217391304,33.47987391304348,28.7,34.0,24.2,24.9,1.6,11.8,11.17,6,29.3,29.0,29.4,30.6,30.6,29.5,29.3,4.5
2025-07-05,7.3345,37.0,35.0,33.288695652173914,27.4,32.8,24.1,23.8,6.5,48.0,22.26,10,28.0,27.8,28.3,29.7,29.9,28.8,29.4,5.8
2025-07-06,7.8235,37.0,35.0,33.02989130434783,27.6,30.4,24.3,24.6,0.6,4.4,9.33,5,28.0,27.7,28.1,29.4,29.5,28.5,29.2,10.0
2025-07-07,7.4583,36.81242173913044,35.336491304347824,33.04256521739131,27.3,30.6,23.4,24.1,0.6,4.4,11.04,7,27.2,27.0,27.4,28.8,29.0,27.8,29.1,10.0
2025-07-08,6.3935,37.0,35.0,32.80621739130435,27.0,29.2,24.1,23.5,2.7,20.0,6.04,3,27.2,26.9,27.4,28.6,28.7,27.7,28.9,10.0
2025-07-09,3.8997,37.0,35.0,32.74527826086956,24.5,28.1,23.3,23.2,0.0,0.0,1.0,1,25.8,25.6,26.0,27.4,27.7,26.3,28.3,10.0
2025-07-10,6.4297,36.86010869565217,35.458939130434786,32.59917391304348,24.8,26.8,23.2,24.0,0.0,0.0,5.32,3,25.6,25.1,25.4,26.6,26.8,25.6,28.0,10.0
2025-07-11,7.0003,36.86615652173913,36.137256521739126,32.8062,26.0,30.2,24.1,24.6,0.5,3.7,8.6,9,26.6,26.0,26.3,27.2,27.2,26.1,27.8,10.0
2025-07-12,8.2204,34.19356956521739,58.73274782608696,32.70815652173913,28.7,33.2,24.1,24.8,5.5,40.8,17.76,8,27.3,26.8,27.1,27.8,27.7,26.6,27.7,9.9
2025-07-13,8.0427,35.86540869565217,53.58701739130435,33.02495652173913,29.9,33.2,26.9,25.4,8.3,61.7,22.57,10,28.6,28.1,28.4,28.8,28.6,27.4,27.8,8.3
2025-07-14,8.0247,33.012647826086955,36.05217391304348,32.8923,29.8,33.9,26.7,24.9,7.2,53.5,21.06,9,28.9,28.5,28.9,29.4,29.2,28.0,28.0,8.9
2025-07-15,7.5592,33.0,36.0,32.78043043478261,29.0,32.6,25.2,25.4,4.0,29.8,13.79,8,28.7,28.4,28.7,29.5,29.5,28.3,28.2,7.1
2025-07-16,6.5548,35.903904347826085,46.35329565217391,33.47133043478261,29.8,33.8,27.7,25.2,4.7,35.0,17.51,10,29.3,28.8,29.2,29.8,29.7,28.5,28.4,7.2
2025-07-17,7.1941,37.00629565217391,49.42984347826087,33.38822173913044,29.8,34.2,26.5,25.0,7.6,56.7,20.58,10,29.5,29.1,29.5,30.1,30.1,28.9,28.6,8.2
2025-07-18,7.9214,34.0,36.0,33.40435217391305,29.9,33.8,26.1,25.4,7.9,59.0,23.15,11,29.7,29.3,29.8,30.5,30.4,29.2,28.7,8.8
2025-07-19,7.7709,34.0,36.0,33.442491304347826,29.2,35.0,26.5,25.3,3.9,29.1,17.81,13,29.8,29.6,30.1,30.8,30.8,29.6,29.0,10.0
2025-07-20,6.5959,33.346095652173915,41.93794782608696,33.35827391304348,27.9,31.5,25.3,25.2,0.0,0.0,11.28,8,29.1,28.9,29.4,30.6,30.6,29.6,29.1,10.0
2025-07-21,6.4392,34.46314347826087,50.618160869565216,33.11541739130435,27.0,30.9,25.0,24.6,0.0,0.0,8.41,5,28.2,28.0,28.3,29.7,29.8,29.0,29.3,10.0
2025-07-22,6.8228,33.498008695652175,45.33217391304347,33.18932608695652,28.0,31.3,24.4,24.3,0.2,1.5,12.74,6,28.2,27.9,28.4,29.5,29.6,28.7,29.3,9.5
2025-07-23,7.7487,34.72030869565217,46.2902652173913,33.29873913043478,29.7,33.9,25.2,24.7,8.5,63.8,22.83,9,28.9,28.5,29.0,29.8,29.8,28.8,29.2,2.6
2025-07-24,7.6209,36.86892173913044,47.11945652173913,33.34791304347826,30.7,35.0,28.0,23.7,4.3,32.3,18.44,9,29.3,29.0,29.5,30.3,30.3,29.3,29.1,5.8
2025-07-25,6.7724,36.5058,45.60607826086957,33.738765217391304,29.3,33.2,27.5,24.4,5.5,41.4,20.64,14,29.1,28.8,29.3,30.3,30.4,29.4,29.3,8.4
2025-07-26,6.5973,33.66326956521739,42.7725652173913,33.39806956521739,28.1,30.8,25.1,24.3,0.0,0.0,8.06,6,28.4,28.2,28.7,30.0,30.2,29.2,29.4,10.0
2025-07-27,6.5959,33.346095652173915,41.93794782608696,33.35827391304348,28.6,30.6,26.1,25.4,0.4,3.0,9.25,5,28.6,28.3,28.6,29.8,29.9,28.9,29.4,10.0
2025-07-28,6.6997,35.67288260869565,55.08244782608695,33.43334782608696,26.6,31.2,24.7,24.8,2.8,21.0,14.58,10,28.0,27.6,28.0,29.2,29.4,28.3,29.3,9.6
2025-07-29,7.5327,34.62919130434783,49.94571304347826,33.38637391304348,27.9,31.8,24.9,24.9,3.2,24.2,16.24,8,28.4,28.0,28.3,29.3,29.4,28.4,29.2,9.9
2025-07-30,5.8724,35.53034347826087,57.826,33.2347,26.0,27.8,24.6,24.9,0.0,0.0,4.54,3,27.4,27.2,27.7,28.9,29.1,28.0,29.1,10.0
2025-07-31,5.1002,33.86119130434783,60.700473913043474,33.005634782608695,24.7,26.8,23.7,24.1,0.1,0.8,3.77,3,25.1,24.9,25.4,26.4,27.2,25.3,27.9,9.8
2025-08-01,7.6028,34.72468695652174,59.9008,32.93634782608696,27.8,31.9,24.4,25.1,4.0,30.3,18.07,11,26.9,26.2,26.5,27.3,27.5,26.4,28.0,9.7
2025-08-02,5.3728,34.64438260869565,60.69148260869565,33.44392173913043,26.3,28.3,25.3,24.7,0.1,0.8,3.52,2,27.2,26.8,27.2,28.2,28.2,27.2,28.1,9.9
2025-08-03,6.6058,33.43616956521739,45.8617,33.39954347826087,25.4,26.6,24.7,24.4,0.0,0.0,3.44,3,26.6,26.2,26.6,27.8,27.9,27.0,28.1,10.0
2025-08-04,5.8187,33.82173913043478,62.94039565217391,33.10769565217391,25.3,27.1,24.4,24.3,0.0,0.0,4.08,3,26.4,26.0,26.4,27.5,27.7,26.7,28.0,10.0
2025-08-05,8.3467,34.502604347826086,62.76391304347826,33.40605652173913,27.9,31.3,24.5,24.9,1.5,11.4,13.48,8,27.1,26.6,26.8,27.7,27.8,26.7,27.9,9.8
2025-08-06,7.917499999999999,35.63976956521739,58.526856521739134,33.44820434782609,28.9,32.9,25.6,23.7,8.5,64.9,22.7,10,27.8,27.4,27.7,28.4,28.4,27.2,27.9,5.8
2025-08-07,7.6949,35.95901304347826,51.21943913043479,33.59816086956522,28.9,34.3,24.3,23.0,9.7,74.2,24.72,13,27.8,27.4,27.8,28.7,28.7,27.6,28.0,0.8
2025-08-08,7.9688,35.00975217391304,43.35235217391305,33.74963913043479,29.1,32.9,25.3,23.5,8.7,66.7,22.79,10,28.5,28.1,28.6,29.3,29.1,28.1,28.1,7.2
2025-08-09,7.6928,37.16229130434783,47.240686956521735,33.68162608695652,29.4,33.7,25.9,24.9,8.2,62.9,22.16,10,29.1,28.6,29.1,29.7,29.6,28.5,28.3,3.3
2025-08-10,7.8477,36.95156086956522,41.59678695652174,33.73201304347826,28.9,32.1,26.5,24.9,2.4,18.4,15.27,9,29.3,29.0,29.5,30.2,30.1,28.9,28.5,8.6
2025-08-11,7.1583000000000006,36.31513913043478,45.22090869565217,33.68555652173913,28.4,33.2,25.6,24.7,7.3,56.2,21.09,11,29.1,28.8,29.3,30.2,30.1,29.0,28.7,7.1
2025-08-12,7.8904,36.04136521739131,47.51876521739131,33.64617826086957,29.3,32.4,26.0,24.7,5.8,44.7,16.3,8,29.1,28.9,29.3,30.3,30.2,29.1,28.9,5.2
2025-08-13,6.0258,34.992134782608694,45.32374347826087,33.535347826086955,28.9,35.8,26.6,23.3,0.2,1.5,5.16,4,28.3,28.1,28.6,29.9,29.9,29.0,29.0,9.1
2025-08-14,6.5677,35.76644347826087,46.72674347826087,33.561817391304345,30.2,33.9,26.0,22.7,10.6,82.0,26.66,13,28.4,27.9,28.4,29.5,29.5,28.6,29.0,4.1
2025-08-15,6.9542,35.53577391304348,43.788952173913046,33.4574652173913,29.8,34.4,25.6,24.2,9.3,72.1,23.21,12,29.0,28.6,29.0,29.9,29.9,28.8,28.9,2.3
2025-08-16,7.4334,37.66795217391304,47.7750652173913,33.74239565217391,30.0,33.5,26.6,24.1,8.4,65.2,22.77,11,29.3,29.0,29.5,30.4,30.3,29.2,29.0,1.0
2025-08-17,7.3832,37.70631739130435,46.56603043478261,33.78452173913043,30.0,33.8,27.1,23.6,6.8,52.9,18.7,8,29.1,28.8,29.3,30.4,30.3,29.3,29.1,3.9
2025-08-18,7.7444,36.97578695652174,35.12961304347826,33.71858695652174,29.8,34.0,26.9,23.6,6.2,48.3,18.74,7,29.0,28.7,29.2,30.3,30.3,29.3,29.2,4.5
2025-08-19,7.204899999999999,35.9959,35.10418260869565,33.671186956521744,29.9,33.5,26.3,23.1,10.3,80.3,25.11,10,29.2,28.9,29.4,30.4,30.3,29.4,29.3,4.2
2025-08-20,6.364,37.48248260869565,40.81491304347826,33.74989130434783,26.9,33.9,21.4,22.9,4.0,31.3,15.52,10,28.5,28.4,29.0,30.3,30.4,29.4,29.3,8.9
2025-08-21,6.8647,36.18303478260869,48.03280434782609,33.69876086956522,28.0,32.9,22.6,22.7,8.9,69.7,25.21,12,27.9,27.6,28.0,29.4,29.6,28.7,29.4,4.1
2025-08-22,6.7458,34.384078260869565,44.58621304347826,33.517073913043475,29.6,35.1,25.4,24.0,10.2,80.0,25.53,13,29.0,28.6,29.1,30.0,30.1,29.0,29.3,0.4
2025-08-23,6.9856,37.3563,46.41947391304348,33.68450869565218,30.0,34.2,26.7,24.5,7.1,55.8,21.09,11,29.4,29.1,29.6,30.5,30.4,29.4,29.3,2.0
2025-08-24,6.6949,37.14114782608696,44.969730434782605,33.66135652173913,29.5,34.5,26.0,22.8,9.7,76.3,24.09,11,28.9,28.8,29.3,30.5,30.5,29.6,29.3,3.4
2025-08-25,6.7082,35.99097826086957,35.05578260869565,33.72181739130435,29.1,34.1,24.6,23.1,8.6,67.8,21.04,10,28.8,28.6,29.1,30.3,30.4,29.5,29.4,2.0
2025-08-26,6.8687,35.83662173913044,35.4056,33.71561739130435,28.1,33.3,24.3,23.5,5.2,41.1,15.41,7,28.3,28.1,28.7,30.2,30.3,29.4,29.5,6.1
2025-08-27,8.2157,34.97826086956522,35.22909565217391,33.6463347826087,28.2,31.7,25.1,23.0,2.0,15.8,14.91,8,28.0,27.8,28.3,29.6,29.8,28.9,29.5,8.4
2025-08-28,6.9814,36.80224782608696,45.116817391304345,33.658965217391305,29.3,33.6,25.5,24.0,5.7,45.2,21.03,13,28.5,28.2,28.6,29.7,29.8,28.9,29.3,5.6
2025-08-29,6.6014,34.156682608695654,39.39682608695652,33.32956086956521,30.1,33.9,26.4,23.9,8.3,65.5,21.63,10,29.1,28.7,29.2,30.2,30.2,29.2,29.3,1.5
2025-08-30,6.9169,36.11453478260869,41.26204782608696,33.58379565217391,29.5,34.5,27.2,24.6,7.6,60.5,21.62,11,29.5,29.1,29.6,30.5,30.5,29.4,29.3,3.9
2025-08-31,7.447999999999999,34.34057391304348,37.44831739130434,33.48040434782609,28.7,32.0,26.0,24.6,3.1,24.7,14.4,8,29.1,28.9,29.3,30.5,30.5,29.6,29.4,9.2
2025-09-01,7.1822,36.34672173913044,44.7318347826087,33.5806347826087,28.8,30.9,26.8,25.0,0.6,4.8,10.4,5,29.0,28.8,29.2,30.4,30.5,29.5,29.5,10.0
2025-09-02,7.1862,36.11260869565218,45.57740869565218,33.59669565217391,28.4,30.9,26.7,25.0,0.2,1.6,10.4,7,28.8,28.5,28.9,30.1,30.2,29.3,29.5,9.0
2025-09-03,7.4112,34.78514782608696,35.9268,33.64906956521739,29.1,32.5,25.7,23.8,7.0,56.1,18.67,9,28.7,28.4,29.0,30.1,30.1,29.2,29.4,3.0
2025-09-04,7.208,33.9884652173913,36.90998260869566,33.55006956521739,28.9,32.5,25.7,23.7,6.2,49.8,17.06,9,28.5,28.2,28.7,30.0,30.1,29.2,29.4,2.3
2025-09-05,6.7536000000000005,36.13259130434783,48.69215652173913,33.30836956521739,29.3,33.2,25.8,23.9,7.2,57.9,17.62,7,28.4,28.2,28.7,29.9,30.0,29.1,29.4,1.5
2025-09-06,6.9634,36.011878260869565,43.34523478260869,33.62607391304348,29.4,34.0,26.1,24.6,6.8,54.8,18.61,8,28.9,28.5,28.9,30.0,30.0,29.1,29.3,3.8
2025-09-07,6.4673,33.49423043478261,40.51697826086957,33.33384347826087,27.9,33.2,24.5,24.7,3.2,25.8,14.83,11,28.6,28.4,28.9,30.2,30.2,29.3,29.3,8.1
2025-09-08,5.6073,35.64662173913043,51.001556521739126,33.091817391304346,28.1,33.7,24.0,23.7,6.9,55.8,19.67,11,28.2,27.8,28.2,29.4,29.6,28.8,29.4,9.0
2025-09-09,6.5727,36.35524782608696,50.67796086956522,33.03912173913044,29.0,33.4,25.4,23.9,8.7,70.5,20.31,11,28.5,28.3,28.7,29.8,29.9,28.9,29.3,9.0
2025-09-10,6.3321000000000005,36.15339565217391,42.79126956521739,33.42969565217391,28.6,33.6,24.4,24.3,6.8,55.2,18.75,9,28.9,28.6,29.0,30.1,30.1,29.1,29.3,8.0
2025-09-11,6.4683,33.67504347826087,39.66431739130434,33.43326086956522,28.7,33.5,24.5,23.7,9.9,80.6,23.09,9,28.5,28.2,28.7,29.9,30.1,29.1,29.3,5.2
2025-09-12,6.562799999999999,35.96574347826087,35.38382173913043,33.78646956521739,29.4,33.5,25.7,23.3,8.9,72.6,21.24,10,28.7,28.4,28.9,30.1,30.2,29.2,29.3,2.4
2025-09-13,6.478,35.98541304347826,35.31420434782609,33.83270869565217,29.3,33.5,26.0,23.3,7.9,64.5,17.96,10,28.6,28.4,28.9,30.1,30.2,29.2,29.4,1.2
2025-09-14,6.0356,36.21209565217392,46.05134347826088,33.13624782608696,29.0,33.0,26.2,23.6,5.0,40.9,13.2,7,28.7,28.4,28.9,30.1,30.2,29.2,29.4,5.6
2025-09-15,5.7053,36.62425652173913,50.01636521739131,33.19563913043478,29.5,33.4,25.3,24.4,9.8,80.4,23.04,11,28.6,28.3,28.8,30.0,30.0,29.1,29.3,1.5
2025-09-16,7.0054,34.812413043478266,35.543852173913045,33.67702608695652,29.4,33.6,26.4,24.6,3.0,24.7,13.48,9,29.1,28.8,29.2,30.3,30.3,29.3,29.3,6.8
2025-09-17,6.3851,34.942639130434785,35.44005652173913,33.85666956521739,29.3,32.9,27.0,25.2,3.7,30.5,12.89,7,29.2,28.9,29.3,30.3,30.4,29.4,29.4,8.1
2025-09-18,6.062,36.633500000000005,50.85499565217391,33.28779130434783,27.9,32.3,25.9,24.9,2.5,20.6,10.46,7,28.8,28.6,29.0,30.2,30.2,29.3,29.4,9.3
2025-09-19,5.9938,37.09972608695652,52.34495652173913,33.25701304347826,27.5,33.7,24.4,24.1,4.4,36.4,14.83,10,28.5,28.3,28.6,29.9,30.0,29.1,29.4,9.6
2025-09-20,6.4003,37.149560869565214,51.279673913043474,33.32391739130435,28.0,32.9,23.8,23.8,6.9,57.2,21.19,11,28.1,27.9,28.3,29.7,29.8,28.9,29.3,6.4
2025-09-21,5.9368,37.31652608695652,49.7678,33.54371739130435,29.1,33.0,25.1,24.1,6.8,56.4,17.35,9,28.6,28.3,28.6,29.8,29.9,28.9,29.2,5.0
2025-09-22,6.3583,38.12341304347826,49.98549565217392,33.692691304347825,29.9,34.7,26.0,24.3,2.1,17.5,11.59,8,28.9,28.5,28.8,30.0,30.0,29.0,29.2,8.7
2025-09-23,4.4918000000000005,37.08875652173913,52.217652173913045,33.43119565217391,26.6,29.1,25.1,24.5,0.0,0.0,2.18,2,27.9,27.8,28.2,29.7,29.9,29.0,29.2,10.0
2025-09-24,6.2087,36.11566086956522,54.18137391304347,32.86063043478261,27.3,31.1,24.2,24.4,3.6,29.9,13.55,10,27.8,27.5,27.9,29.2,29.3,28.5,29.2,8.3
2025-09-25,6.2614,36.71738695652174,53.26223913043479,33.2373652173913,28.8,33.0,25.3,25.0,7.5,62.8,19.53,8,28.4,28.1,28.4,29.4,29.5,28.5,29.1,1.1
2025-09-26,6.1297,36.6720347826087,54.4799347826087,33.296526086956526,27.9,29.6,26.2,25.1,0.0,0.0,5.65,3,28.3,28.1,28.4,29.6,29.7,28.7,29.0,8.0
2025-09-27,6.2281,36.65498260869565,52.25615217391304,33.31242608695652,28.9,33.6,25.2,23.8,6.6,55.5,17.28,9,28.3,28.0,28.4,29.5,29.6,28.6,29.0,3.0
2025-09-28,6.2637,36.67470869565217,49.70096956521739,33.40669565217392,29.1,33.4,26.2,24.7,6.6,55.6,17.99,9,28.7,28.3,28.7,29.7,29.7,28.7,29.0,1.3
2025-09-29,6.3311,37.05432173913043,50.919865217391305,33.35928260869565,28.5,31.7,25.5,24.0,6.1,51.5,13.97,6,28.3,28.1,28.5,29.7,29.8,28.9,29.0,1.4
2025-09-30,6.2257,37.3610652173913,51.18396086956522,33.40793478260869,29.0,33.0,26.3,24.0,7.0,59.2,16.15,7,28.4,28.2,28.5,29.6,29.7,28.8,29.0,4.3
2025-10-01,5.9166,37.33830434782609,49.99788260869565,33.55668260869565,28.8,33.0,25.5,23.6,8.1,68.6,18.01,7,28.1,27.8,28.2,29.5,29.6,28.7,29.0,3.6
2025-10-02,6.2396,37.23415652173913,49.89086086956522,33.37299565217391,28.9,32.6,25.8,23.6,8.0,67.9,18.64,8,28.3,27.9,28.3,29.5,29.6,28.7,29.0,1.0
2025-10-03,6.3469,34.50806086956521,43.65539565217392,33.465182608695656,28.9,32.2,25.4,23.6,7.4,62.9,16.62,8,28.2,27.9,28.3,29.5,29.7,28.7,29.0,0.5
2025-10-04,6.0648,36.33089565217392,48.94459565217391,33.60860869565217,29.4,33.9,26.0,23.8,9.3,79.2,19.8,9,28.5,28.2,28.6,29.5,29.6,28.7,29.0,3.3
2025-10-05,5.5407,36.48125652173913,48.43745652173913,33.539869565217394,29.3,33.6,24.9,23.4,8.7,73.9,18.86,8,28.3,28.0,28.5,29.7,29.8,28.8,29.0,1.9
2025-10-06,5.8434,36.685552173913045,48.31059565217392,33.26038695652174,29.2,32.6,26.3,24.4,7.2,61.6,17.67,8,28.6,28.4,28.8,29.9,30.0,28.9,29.0,1.8
2025-10-07,5.9467,36.712960869565215,50.62134782608696,33.07895652173913,29.5,33.4,26.0,24.2,6.6,56.6,16.39,7,28.7,28.4,28.8,29.9,30.0,29.0,29.0,0.8
2025-10-08,6.2304,36.85684347826087,49.78793043478261,33.40528695652174,29.6,32.3,26.8,24.1,5.1,43.8,13.62,6,28.7,28.4,28.8,30.0,30.0,29.0,29.1,1.8
2025-10-09,6.4836,37.10687826086957,49.36716956521739,33.321260869565215,29.2,32.6,26.7,23.8,3.3,28.4,12.66,6,28.6,28.4,28.8,29.9,30.0,29.1,29.1,1.7
2025-10-10,6.3292,36.44674347826087,51.48242608695652,33.33600434782609,29.0,32.2,25.8,23.7,7.1,61.2,17.15,8,28.5,28.2,28.6,29.7,29.9,28.9,29.1,3.1
2025-10-11,5.8759,35.55446956521739,49.22451304347826,33.34802173913044,29.3,33.9,26.0,23.3,9.4,81.2,19.6,9,28.6,28.3,28.8,29.9,30.0,29.0,29.1,5.5
2025-10-12,5.9149,35.134756521739135,47.14630434782609,33.37217826086957,28.5,33.4,24.8,22.5,9.2,79.7,18.95,8,28.0,27.8,28.3,29.7,29.8,28.9,29.1,1.1
2025-10-13,5.3272,36.31521304347826,51.34449565217391,32.96050434782609,28.9,33.6,24.9,22.7,8.9,77.2,18.3,7,28.0,27.7,28.2,29.6,29.7,28.8,29.1,0.2
2025-10-14,5.2069,36.641386956521735,50.996930434782605,33.32702608695652,29.2,34.1,25.7,23.4,9.7,84.3,20.27,9,28.2,27.9,28.3,29.5,29.7,28.8,29.1,0.3
2025-10-15,6.6912,34.608665217391305,45.95735217391304,33.55423913043478,28.9,33.0,26.3,24.1,5.2,45.3,14.28,7,28.5,28.2,28.6,29.7,29.8,28.9,29.1,3.0
2025-10-16,6.6017,33.78552173913044,42.3898,33.42286956521739,28.7,32.3,25.4,23.5,5.8,50.6,12.76,5,28.1,27.9,28.4,29.6,29.8,28.8,29.1,0.8
2025-10-17,5.8283000000000005,36.779708695652175,50.29778260869565,33.116926086956525,29.1,34.4,24.9,23.0,8.3,72.6,18.3,8,28.0,27.8,28.2,29.5,29.6,28.7,29.0,1.9
2025-10-18,6.0798,34.67388260869565,45.62683913043479,33.45215217391304,29.2,33.4,25.5,23.2,9.3,81.5,18.26,6,28.2,28.0,28.3,29.6,29.7,28.8,29.0,0.0
2025-10-19,6.2904,36.17004347826087,51.16600434782608,33.45443478260869,28.4,31.2,25.5,22.8,3.0,26.3,11.49,5,27.9,27.6,28.1,29.5,29.6,28.7,29.0,9.9
2025-10-20,6.5337,35.756,49.80950869565218,33.466639130434785,27.0,30.4,24.7,21.4,3.3,29.0,14.54,10,26.9,26.9,27.4,29.1,29.4,28.5,29.0,10.0
2025-10-21,5.8432,34.03139565217391,43.17784347826087,32.95973043478261,25.4,29.6,23.8,19.7,5.6,49.3,17.62,10,25.5,25.6,26.2,28.2,28.7,27.9,28.9,9.8
2025-10-22,6.2272,32.972839130434785,45.028030434782615,32.831708695652175,25.1,28.4,23.5,19.9,5.3,46.8,16.94,10,25.4,25.3,25.8,27.7,28.1,27.4,28.8,9.2
2025-10-23,6.5814,33.93903913043478,42.808556521739135,33.123230434782606,26.2,29.9,23.4,19.5,1.2,10.6,12.2,7,25.6,25.4,25.9,27.6,27.9,27.2,28.6,10.0
2025-10-24,6.6816,33.97909565217391,36.13879565217392,33.63608695652174,26.1,29.8,24.0,20.1,3.7,32.8,14.75,9,25.9,25.7,26.1,27.6,27.9,27.1,28.4,8.9
2025-10-25,5.408,34.00201739130434,47.77926086956522,33.23097391304348,26.6,31.0,24.0,21.0,8.5,75.5,18.74,8,26.2,25.9,26.3,27.7,28.0,27.1,28.2,5.3
2025-10-26,4.6913,33.88932173913043,47.19693913043479,32.98385652173913,25.9,29.7,23.8,20.3,9.9,88.0,19.99,8,26.1,26.0,26.4,27.8,28.1,27.2,28.1,3.0
2025-10-27,6.7541,33.00705652173913,36.15422608695652,33.547073913043484,24.4,27.9,22.0,19.1,0.2,1.8,9.91,5,25.2,25.1,25.6,27.4,27.8,27.0,28.1,9.4
2025-10-28,6.0421,32.00358695652174,52.16799565217392,32.9212652173913,22.9,25.0,21.4,20.8,0.0,0.0,5.82,4,24.7,24.6,25.1,26.9,27.3,26.6,28.0,10.0
2025-10-29,5.1186,32.06185652173913,51.15075652173913,32.945852173913046,25.3,30.9,21.2,20.4,8.2,73.3,18.16,8,24.9,24.7,25.2,26.6,27.0,26.2,27.8,6.8
2025-10-30,6.3511,33.596591304347825,52.26959130434782,33.117908695652176,26.4,29.4,24.0,22.4,2.7,24.2,11.11,5,26.0,25.6,26.0,27.2,27.4,26.5,27.7,7.7
2025-10-31,6.6459,33.234426086956525,44.37303478260869,33.38929130434783,25.4,28.9,22.8,19.9,9.1,81.7,18.63,8,25.4,25.3,25.7,27.2,27.5,26.6,27.6,6.3
2025-11-01,6.5043,32.94219130434782,36.46473478260869,33.490391304347824,25.1,29.4,22.5,18.4,3.8,34.2,13.68,5,24.7,24.5,25.0,26.7,27.0,26.3,27.6,9.4
2025-11-02,6.3578,33.69002608695652,40.7815652173913,33.23481304347826,24.3,28.7,22.3,18.2,0.9,8.1,9.7,5,24.7,24.6,25.0,26.7,27.0,26.2,27.5,9.8
2025-11-03,5.9406,31.994886956521736,36.04347826086956,33.47469130434783,23.8,28.4,21.7,17.6,3.8,34.3,13.44,7,24.3,24.2,24.6,26.3,26.7,26.0,27.4,9.0
2025-11-04,6.5245,32.7794,41.25204782608696,33.38940434782609,24.0,28.5,20.9,19.2,4.6,41.6,14.62,7,24.4,24.3,24.7,26.3,26.6,25.9,27.3,8.3
2025-11-05,4.7273,32.89738260869565,39.85728260869565,33.24003913043478,25.4,30.9,21.2,19.5,9.9,89.6,19.57,8,25.0,24.6,25.0,26.4,26.7,25.9,27.2,2.6
2025-11-06,5.0457,33.44530869565217,48.26709130434783,33.33410869565217,26.1,31.7,21.5,20.6,9.7,87.9,18.16,7,25.6,25.2,25.5,26.7,26.9,26.0,27.1,0.9
2025-11-07,5.6958,33.611547826086955,43.99749565217392,33.15414347826087,27.1,32.4,23.3,21.9,9.8,89.0,17.96,7,26.4,25.9,26.2,27.1,27.3,26.3,27.1,1.1
2025-11-08,5.9977,34.32795652173913,50.60540434782608,33.02588260869565,26.2,30.2,23.3,22.2,2.8,25.5,11.07,6,26.2,25.8,26.2,27.3,27.5,26.6,27.2,3.4
2025-11-09,6.6029,33.29200434782609,43.08549130434783,33.366086956521734,26.4,31.0,22.7,21.6,6.3,57.4,14.9,7,26.1,25.8,26.2,27.3,27.4,26.6,27.2,6.3
2025-11-10,6.4584,33.26238695652174,42.26867391304348,33.38831304347826,25.2,28.1,23.5,20.3,0.9,8.2,7.12,4,25.3,25.1,25.6,27.1,27.4,26.6,27.2,10.0
2025-11-11,6.5858,33.14715217391304,42.614952173913046,33.375247826086955,25.3,29.5,23.2,21.3,2.5,22.8,9.63,5,25.5,25.1,25.5,26.8,27.1,26.3,27.2,10.0
2025-11-12,6.3388,33.00989565217392,43.40045217391304,33.260408695652174,24.1,25.5,23.3,21.0,0.0,0.0,6.0,4,24.8,24.6,25.0,26.6,26.9,26.1,27.2,10.0
2025-11-13,5.9441,31.875013043478265,47.30946086956522,33.06656956521739,24.0,27.2,22.2,19.2,2.5,22.9,10.43,5,24.0,23.9,24.4,26.1,26.5,25.7,27.1,8.3
2025-11-14,6.5996,33.02243913043478,41.14893478260869,33.366913043478256,23.8,29.0,20.9,17.5,9.8,90.0,18.31,7,23.7,23.6,24.0,25.7,26.1,25.3,26.9,2.3
2025-11-15,5.9235,32.7923347826087,38.48320434782609,33.27829565217392,24.0,29.4,20.6,17.7,9.8,90.1,18.04,7,24.0,23.7,24.1,25.6,25.9,25.2,26.8,3.1
2025-11-16,4.7771,31.21994782608696,40.02098260869565,33.24273043478261,24.1,30.3,19.9,19.4,9.8,90.2,18.04,7,24.0,23.8,24.1,25.6,25.9,25.1,26.7,0.8
2025-11-17,4.7259,31.48565652173913,48.629186956521735,32.862921739130435,24.1,29.0,21.2,19.7,9.7,89.4,17.45,7,24.4,24.0,24.4,25.8,26.0,25.2,26.6,1.5
2025-11-18,6.6042,32.7372,40.892265217391305,33.286921739130435,20.9,25.2,18.0,15.3,4.3,39.7,14.25,7,22.7,22.8,23.4,25.4,25.8,25.0,26.5,8.5
2025-11-19,6.5929,32.848321739130434,41.22811304347826,33.330569565217395,17.3,19.4,16.1,12.2,0.1,0.9,5.37,3,20.4,20.8,21.4,24.1,24.8,24.2,26.5,9.6
2025-11-20,6.597,32.596908695652175,40.85613043478261,33.34453913043478,19.2,23.8,15.7,12.7,5.1,47.2,13.53,7,20.5,20.5,21.0,23.2,23.8,23.3,26.2,7.6
2025-11-21,6.448,32.354778260869566,40.22915217391304,33.33860434782609,20.8,24.4,18.6,15.4,1.9,17.6,9.84,4,21.5,21.3,21.7,23.4,23.9,23.2,25.8,7.3
2025-11-22,6.6031,32.935278260869566,41.26233913043478,33.36637391304348,21.3,28.2,16.3,15.7,9.9,91.8,17.37,6,21.6,21.4,21.8,23.4,23.8,23.2,25.6,0.2
2025-11-23,5.9186,31.194891304347824,39.104778260869566,33.402395652173915,22.0,29.0,17.5,17.4,10.0,92.9,17.71,6,22.1,21.8,22.2,23.6,24.0,23.2,25.5,--
2025-11-24,4.9498,29.572834782608695,47.31504782608696,32.7475,22.8,28.5,19.1,18.9,9.5,88.3,16.6,6,22.8,22.4,22.7,24.0,24.2,23.4,25.4,--
2025-11-25,5.59,30.428926086956523,41.08214347826088,33.264465217391304,21.3,25.3,17.6,13.3,9.5,88.4,16.25,6,22.0,21.9,22.4,24.1,24.4,23.6,25.3,--
2025-11-26,6.6453,31.720630434782606,39.35852608695652,33.27510434782609,20.2,25.2,16.0,12.7,7.7,71.7,14.62,6,21.0,21.0,21.4,23.3,23.8,23.2,25.3,--
2025-11-27,6.5719,30.116769565217396,36.29736086956522,33.34515217391304,20.3,24.0,18.0,13.1,2.0,18.7,8.53,4,20.9,20.8,21.2,23.1,23.5,22.9,25.2,--
2025-11-28,6.6032,32.93442608695652,41.228965217391305,33.34830869565218,20.3,23.6,17.9,12.8,0.8,7.5,9.13,4,21.0,20.7,21.1,22.9,23.3,22.6,25.0,--
2025-11-29,6.5959,33.346095652173915,41.93794782608696,33.35827391304348,20.9,27.1,16.6,15.8,9.3,86.9,16.55,6,21.1,21.0,21.3,22.9,23.3,22.6,24.9,--
2025-11-30,5.9249,31.15255652173913,39.07593478260869,33.40960434782608,22.0,28.9,17.4,16.9,4.2,39.3,12.92,6,21.5,21.2,21.6,23.0,23.4,22.6,24.8,9.0
2025-12-01,5.3369,30.43372608695652,45.56838695652174,32.92883913043478,23.0,27.0,20.9,18.8,5.5,51.5,12.45,6,22.6,22.2,22.5,23.7,23.9,23.1,24.9,6.8
2025-12-02,4.4716,30.30271304347826,46.61557826086957,32.44913043478261,23.3,29.0,19.9,18.1,9.7,90.9,16.77,6,22.8,22.4,22.7,23.9,24.1,23.3,24.9,3.3
2025-12-03,6.1212,31.66583043478261,38.19844347826087,33.27946086956522,20.0,23.4,17.2,13.4,5.8,54.4,13.82,6,21.5,21.5,21.9,23.7,24.0,23.3,25.0,7.7
2025-12-04,6.7328,31.53290869565217,39.39152173913043,33.32832173913044,19.6,24.5,17.2,11.9,3.2,30.0,10.33,4,20.7,20.5,20.9,22.8,23.3,22.7,25.0,8.2
2025-12-05,6.6071,32.515026086956524,40.47679565217391,33.33076521739131,19.9,25.3,16.3,14.0,9.1,85.4,15.61,6,20.6,20.6,21.0,22.7,23.1,22.4,24.9,4.2
2025-12-06,5.925,30.952778260869565,38.60404347826087,33.330156521739134,20.3,25.9,16.8,14.8,9.7,91.1,16.59,6,20.8,20.6,21.0,22.6,23.0,22.3,24.8,2.2
2025-12-07,5.9055,30.47384347826087,38.66934782608696,33.30911304347826,20.8,27.3,15.9,15.2,9.7,91.2,16.0,6,20.5,20.4,20.8,22.5,22.9,22.2,24.7,1.0
2025-12-08,5.9253,31.137578260869567,38.738556521739135,33.378026086956524,21.3,26.2,17.1,14.9,9.7,91.2,16.68,6,20.8,20.5,20.9,22.5,22.9,22.2,24.6,1.5
2025-12-09,5.1649,30.603834782608693,38.32564347826087,33.42824347826087,21.2,27.0,16.9,15.7,9.4,88.5,16.07,6,21.1,20.7,21.1,22.6,22.9,22.2,24.5,1.1
2025-12-10,6.2672,32.8305,41.349760869565216,33.388282608695654,21.0,26.7,17.2,16.5,9.7,91.3,16.67,6,21.1,20.8,21.2,22.6,23.0,22.3,24.5,1.1
2025-12-11,4.6734,30.78135217391304,38.7903,33.3049,20.9,26.8,15.9,13.5,9.7,91.4,16.67,6,20.5,20.3,20.7,22.4,22.8,22.2,24.4,1.0
2025-12-12,4.4941,29.1737,37.1717,33.46120434782609,20.8,27.0,16.2,15.3,9.1,85.8,15.87,6,20.6,20.4,20.7,22.3,22.7,22.0,24.4,4.7
2025-12-13,5.2464,30.359760869565218,37.53129130434783,33.39156086956522,19.9,24.4,17.3,15.8,3.3,31.1,12.84,6,20.9,20.7,21.0,22.5,22.8,22.1,24.3,9.4
2025-12-14,5.1615,29.24192173913044,27.916434782608693,33.3966,17.4,21.7,14.4,9.0,7.2,67.9,15.52,6,19.5,19.6,20.1,22.1,22.6,21.9,24.2,8.0
2025-12-15,5.3058000000000005,28.99356086956522,24.808208695652173,33.227008695652174,18.2,23.5,14.6,11.2,3.1,29.2,9.21,5,19.4,19.2,19.6,21.5,22.0,21.4,24.2,6.8
2025-12-16,4.3083,27.996665217391307,26.42325652173913,33.15838695652174,18.8,24.7,14.1,14.6,9.5,89.6,15.67,5,19.3,19.2,19.5,21.4,21.8,21.2,24.0,1.3
2025-12-17,4.5453,28.367317391304347,39.08064782608696,33.35413913043478,19.6,25.7,14.5,14.6,9.3,87.7,15.87,5,19.4,19.3,19.6,21.4,21.8,21.2,23.9,2.7
2025-12-18,5.4761,28.69930869565217,38.44100434782609,33.379208695652174,20.6,26.3,16.4,15.9,3.7,34.9,11.44,5,20.3,19.9,20.2,21.6,21.9,21.2,23.8,8.2
2025-12-19,5.0419,29.2843,44.91926956521739,33.418460869565216,20.7,23.1,19.2,17.9,0.0,0.0,5.18,3,21.0,20.7,20.9,22.2,22.4,21.6,23.7,10.0
2025-12-20,5.1103,29.697921739130432,47.90267391304348,33.425243478260874,21.0,24.8,18.9,18.4,2.9,27.4,8.1,3,21.2,20.8,21.2,22.4,22.6,21.8,23.7,7.4
2025-12-21,4.3352,29.651291304347826,43.0415652173913,33.43486086956522,20.4,25.6,17.4,15.3,9.6,90.6,16.04,5,20.3,20.2,20.6,22.2,22.5,21.7,23.7,4.2
2025-12-22,4.5928,29.601195652173917,39.22799565217391,33.43203043478261,20.3,26.2,16.1,13.7,9.0,84.9,15.44,5,20.2,19.9,20.3,21.9,22.3,21.5,23.7,2.7
2025-12-23,4.5768,29.84899565217391,40.74451304347826,33.46595652173913,21.1,27.0,17.3,16.7,9.1,85.9,14.98,5,20.7,20.3,20.6,22.0,22.3,21.5,23.6,4.9
2025-12-24,4.5408,29.526965217391304,42.22374782608696,33.44852608695652,21.7,27.2,17.5,16.8,5.7,53.8,12.8,5,21.4,21.0,21.3,22.5,22.7,21.8,23.6,6.9
2025-12-25,4.665,28.637339130434786,37.81681739130435,33.257939130434785,17.7,20.8,14.2,13.0,7.4,69.8,15.12,6,20.1,20.2,20.7,22.5,22.8,22.0,23.7,8.6
2025-12-26,4.9319,27.49315217391304,22.57722608695652,33.29974347826087,15.5,17.6,14.0,9.9,0.7,6.6,4.35,1,18.1,18.3,18.8,21.2,21.7,21.2,23.7,9.4
2025-12-27,5.6472,26.03971304347826,17.307708695652174,33.197760869565215,16.5,19.9,14.6,13.4,0.3,2.8,7.16,3,18.4,18.4,18.9,20.8,21.3,20.7,23.5,9.2
2025-12-28,5.7633,27.05758695652173,20.28723913043478,33.12705217391304,17.8,22.0,15.1,13.9,1.2,11.3,8.77,3,18.6,18.4,18.9,20.6,21.0,20.4,23.3,9.4
2025-12-29,5.0879,26.59139565217391,33.56227391304348,33.35887826086957,19.5,25.3,14.4,14.5,6.8,64.0,14.24,6,19.1,18.8,19.2,20.8,21.1,20.4,23.2,6.7
2025-12-30,4.5741,28.53965652173913,39.329921739130434,33.44601739130435,19.7,24.9,15.8,15.0,9.5,89.4,17.02,6,19.5,19.3,19.6,21.1,21.4,20.6,23.1,3.3
2025-12-31,5.3754,28.15520869565217,39.17816086956522,33.46337391304348,19.6,23.5,17.5,14.3,6.8,64.0,14.54,5,19.7,19.4,19.8,21.2,21.6,20.8,23.0,7.3
2026-01-01,4.6483,27.166752173913043,38.70121304347826,33.441243478260866,18.0,22.4,15.6,13.0,8.4,79.0,15.77,6,19.3,19.2,19.6,21.2,21.6,20.8,23.0,6.9
2026-01-02,5.799,25.941286956521736,30.940391304347827,33.32300869565218,13.8,16.3,11.9,8.4,1.6,15.0,9.21,5,17.2,17.6,18.2,20.5,21.0,20.4,23.0,8.6
2026-01-03,5.0013,25.880304347826087,21.461391304347824,33.519904347826085,15.3,20.3,11.6,7.1,8.2,77.0,15.13,5,16.9,17.0,17.5,19.6,20.2,19.6,22.9,3.6
2026-01-04,4.6015,25.906939130434782,21.461391304347824,33.30128260869565,16.3,23.0,10.8,10.4,9.5,89.2,16.32,5,17.1,17.1,17.5,19.4,19.9,19.3,22.7,1.9
2026-01-05,4.8374,25.49218695652174,20.315726086956523,33.29967391304348,16.7,22.0,12.0,12.2,9.6,90.0,16.22,6,17.6,17.5,17.9,19.6,20.0,19.4,22.5,3.3
2026-01-06,5.2711,23.3315,17.940521739130435,33.37835652173913,14.4,18.5,11.9,8.9,6.6,61.9,14.32,6,16.9,17.1,17.6,19.6,20.0,19.4,22.4,7.2
2026-01-07,5.4838,24.020595652173917,18.43646956521739,33.48808695652174,13.6,17.3,11.5,5.3,6.6,61.8,14.08,5,16.1,16.3,16.8,19.0,19.6,19.0,22.3,7.2
2026-01-08,4.6173,24.442486956521737,20.28723913043478,33.494882608695654,14.7,19.8,11.7,6.0,9.5,88.9,17.02,6,16.4,16.4,16.9,18.8,19.4,18.8,22.1,4.5
2026-01-09,5.3952,22.52095217391304,15.0,33.34891739130435,15.1,20.8,12.0,5.0,4.1,38.3,12.79,5,16.5,16.3,16.7,18.6,19.2,18.6,21.9,9.0
2026-01-10,5.3924,24.824321739130436,18.97761739130435,33.49750869565217,16.5,21.5,11.6,8.8,4.5,42.0,13.03,5,17.3,17.0,17.3,18.9,19.3,18.7,21.8,7.8
2026-01-11,4.74,27.20636086956522,24.929765217391303,33.438034782608696,17.0,23.3,13.2,7.6,8.5,79.3,16.93,6,17.7,17.4,17.8,19.3,19.7,18.9,21.7,5.2
2026-01-12,5.3883,26.091860869565217,20.28723913043478,33.47977391304348,17.1,21.7,14.5,9.9,0.3,2.8,6.67,3,17.9,17.6,17.9,19.4,19.8,19.1,21.7,9.9
2026-01-13,4.6596,24.71634347826087,15.0,33.432156521739124,18.2,24.0,13.7,8.5,7.7,71.7,15.53,6,18.1,18.0,18.4,19.8,20.0,19.3,21.7,4.7
2026-01-14,4.4958,26.24500434782609,20.28723913043478,33.48524347826087,17.9,26.0,11.7,9.1,9.9,92.1,17.5,6,17.5,17.5,17.9,19.6,19.9,19.2,21.8,2.0
2026-01-15,5.56,27.769204347826086,21.493295652173916,33.458852173913044,19.5,24.8,14.5,12.3,3.2,29.7,11.38,5,18.6,18.2,18.5,19.8,20.0,19.3,21.7,8.3
2026-01-16,5.6459,27.367291304347827,15.0,33.33318260869565,21.1,24.9,18.0,12.9,1.1,10.2,9.25,5,19.9,19.3,19.5,20.5,20.7,19.8,21.7,9.5
2026-01-17,5.3561000000000005,29.443165217391307,19.520969565217392,33.32836086956522,21.4,27.5,18.0,13.8,3.3,30.6,13.08,6,20.7,20.2,20.4,21.3,21.3,20.4,21.8,8.9
2026-01-18,5.4354,29.23927826086956,20.28723913043478,33.33844782608696,19.6,24.7,17.5,14.3,2.6,24.1,10.38,5,20.3,20.0,20.3,21.5,21.6,20.7,22.0,7.1
2026-01-19,4.55,29.145334782608696,23.72370869565217,33.365700000000004,19.3,25.9,15.7,14.1,9.5,87.9,17.2,6,20.0,19.7,20.1,21.4,21.6,20.7,22.2,1.6
2026-01-20,4.5915,28.049886956521732,21.461391304347824,33.47318260869565,17.8,22.6,14.0,11.4,9.9,91.4,17.56,6,19.4,19.3,19.7,21.2,21.5,20.6,22.2,3.5
2026-01-21,5.8061,26.58997391304348,21.493295652173916,33.53126956521739,14.8,18.6,13.2,8.8,6.7,61.8,14.61,5,17.6,16.8,18.2,20.5,21.0,20.2,22.3,6.5
2026-01-22,5.7015,25.284982608695653,18.97761739130435,33.56124347826087,13.9,16.5,12.5,8.9,0.0,0.0,5.79,3,17.4,14.9,17.9,19.0,19.3,20.1,22.0,9.7
2026-01-23,5.082,26.60008695652174,22.545891304347823,33.50163043478261,16.4,21.7,13.4,11.3,6.3,57.9,15.46,6,18.9,15.4,18.5,19.1,19.2,20.0,21.9,7.1
2026-01-24,4.7941,27.180578260869563,22.59494782608696,33.419156521739126,18.4,24.2,15.1,13.6,8.5,78.1,17.45,6,20.1,18.3,19.6,19.9,19.8,20.3,21.7,4.7
2026-01-25,5.4819,28.06581304347826,23.72370869565217,33.249265217391304,19.2,25.0,15.3,15.0,6.5,59.6,15.75,6,20.9,18.1,20.2,20.4,20.2,20.7,21.8,7.8
2026-01-26,6.3346,29.288895652173917,25.762869565217397,33.18142608695652,19.8,22.7,17.8,16.0,0.0,0.0,7.69,4,21.4,21.9,20.8,20.9,20.7,21.1,21.9,9.8
2026-01-27,5.8775,28.437895652173918,20.28723913043478,33.17509130434782,19.3,24.4,16.2,15.1,2.4,21.9,13.53,6,21.3,19.3,21.1,21.2,21.0,21.4,22.0,9.9
2026-01-28,4.784,25.607621739130437,23.02628260869565,33.33117391304348,16.9,21.0,14.8,12.3,9.8,89.5,18.65,7,19.7,17.7,20.1,20.8,20.9,21.3,22.1,4.8
2026-01-29,4.7268,25.867934782608696,17.32561304347826,33.215591304347825,18.5,24.6,13.3,12.8,7.9,72.0,18.18,7,20.2,16.8,19.9,20.3,20.4,20.8,22.1,5.5
2026-01-30,5.6729,29.060169565217397,24.65124347826087,33.20208260869565,19.4,24.3,17.0,16.1,4.7,42.8,14.26,6,21.1,18.4,20.7,20.9,20.8,21.1,22.1,9.0
2026-01-31,5.856,29.49021304347826,24.82323043478261,33.155721739130435,18.5,23.3,15.4,14.6,4.7,42.7,15.13,7,20.6,19.0,20.5,21.0,20.9,21.3,22.1,8.8
2026-02-01,6.1697,28.846352173913044,24.83719565217391,33.278260869565216,16.5,19.7,15.3,12.8,0.1,0.9,8.23,5,19.3,16.8,19.4,20.3,20.5,21.0,22.1,9.8
2026-02-02,6.5156,27.51597391304348,23.755491304347828,33.23088260869565,15.9,18.4,14.7,12.8,2.3,20.8,13.86,6,18.5,16.4,19.0,19.9,20.1,20.7,22.1,9.9
2026-02-03,5.156,27.77372608695652,23.72370869565217,33.33693913043478,17.8,24.3,14.0,12.3,7.8,70.5,17.33,7,19.3,16.8,19.2,19.7,19.8,20.4,22.0,6.8
2026-02-04,4.9324,28.177721739130437,23.759139130434782,33.20680869565218,19.9,26.6,15.3,14.4,8.8,79.5,19.05,7,20.4,14.9,20.0,20.2,20.1,20.6,21.9,6.0
