column,corr_with_Wh,abs_corr,weight
day_of_year_roll7,-0.7100289636922511,0.7100289636922511,0.025733134225238073
sin_DOY_k1_roll7,0.6617484605119963,0.6617484605119963,0.02398333424195453
season_autumn_roll7,-0.6266477103436257,0.6266477103436257,0.022711199777478337
day_of_year,-0.6152392779248583,0.6152392779248583,0.02229773111951674
dayofyear,-0.6152392779248583,0.6152392779248583,0.02229773111951674
month,-0.6065614738097451,0.6065614738097451,0.021983226909838727
cos_DOY_k1_roll7,-0.5651148113734247,0.5651148113734247,0.020481101528761675
dayofyear_sin,0.5483002395810733,0.5483002395810733,0.01987170155355162
cos_DOY_k1,-0.5481051057334974,0.5481051057334974,0.019864629439950158
dayofyear_cos,-0.5474766825461841,0.5474766825461841,0.01984185389267489
sin_DOY_k1,0.5474570511280233,0.5474570511280233,0.01984114240350417
Wh_lag1,0.5142844956748126,0.5142844956748126,0.018638890290248667
season_autumn,-0.5071744287891338,0.5071744287891338,0.01838120459730432
Wh_roll_mean_7,0.4932916119439691,0.4932916119439691,0.017878058377122995
Wh_roll_mean_14,0.48516166873885774,0.48516166873885774,0.017583409946652247
season_spring_roll7,0.4743176362300363,0.4743176362300363,0.01719039648049554
Wh_roll_mean_30,0.4726361797234665,0.4726361797234665,0.01712945650735352
Wh_roll_std_30,0.4724205953286682,0.4724205953286682,0.017121643217400725
Wh_roll_std_14,0.4220819706190099,0.4220819706190099,0.015297252026890112
Wh_lag14,0.39391590626619305,0.39391590626619305,0.014276447029276126
Wh_lag7,0.38342099388303225,0.38342099388303225,0.013896086504779205
Cloud Amount Sat_roll7,0.3725789545757545,0.3725789545757545,0.013503145276975416
season_spring,0.36253833103830896,0.36253833103830896,0.013139249258071375
month_6_roll7,0.35900275982763824,0.35900275982763824,0.013011111769068166
month_5,0.35220981521061884,0.35220981521061884,0.012764919339529284
Wh_lag30,0.3501143109502828,0.3501143109502828,0.012688973293440722
month_5_roll7,0.34801920329163416,0.34801920329163416,0.012613041621138271
month_11_roll7,-0.3471071810238472,0.3471071810238472,0.012579987770332911
Wh_roll_std_7,0.3413062201379617,0.3413062201379617,0.012369747184743858
UVI Max,0.33141190865542297,0.33141190865542297,0.01201115386184268
month_10_roll7,-0.3263419832497721,0.3263419832497721,0.011827407736477426
month_4_roll7,0.3238055544191632,0.3238055544191632,0.01173548153784546
month_6,0.3175128496778736,0.3175128496778736,0.011507418988248422
season_summer,0.3084029219639674,0.3084029219639674,0.011177253594114202
cos_DOY_k2,0.3070722800305529,0.3070722800305529,0.011129027973429344
Temperature,0.30409441481953636,0.30409441481953636,0.011021103073040394
season_summer_roll7,0.29765161310058985,0.29765161310058985,0.010787600652860102
cos_DOY_k2_roll7,0.29438846654311873,0.29438846654311873,0.010669336479630651
month_11,-0.2822001898555094,0.2822001898555094,0.01022760441514471
month_10,-0.28171090899957746,0.28171090899957746,0.010209871716081193
TxSoil0cm,0.27910279631346646,0.27910279631346646,0.010115347524452117
SunshineRate_roll7,-0.27319248031476817,0.27319248031476817,0.009901143650123977
GloblRad,0.27245751757392983,0.27245751757392983,0.009874506856658267
TxSoil5cm,0.26684707918640455,0.26684707918640455,0.009671171258434428
TxSoil10cm,0.2643128855981301,0.2643128855981301,0.009579326070287893
T Min,0.2608741370220646,0.2608741370220646,0.009454697663279563
month_9_roll7,-0.256168127708279,0.256168127708279,0.00928414072049356
DHT11_humidity_roll7,0.24705274256876114,0.24705274256876114,0.008953777536307142
T Max,0.241858237429024,0.241858237429024,0.008765516345806634
Cloud Amount Sat,0.23821784078888059,0.23821784078888059,0.008633579734535494
cos_DOY_k3_roll7,0.22893342362962635,0.22893342362962635,0.00829709042891648
UVI Max_roll7,0.2285899048736402,0.2285899048736402,0.00828464049418324
GloblRad_roll7,0.2269748208639404,0.2269748208639404,0.00822610601780003
LM35_tempC,0.2263560653281237,0.2263560653281237,0.008203680849152005
Td dew point_roll7,0.2171637333966807,0.2171637333966807,0.007870528930665914
PrecpHour_roll7,0.2145360551591842,0.2145360551591842,0.007775295637034329
Td dew point,0.21059136834078498,0.21059136834078498,0.007632330827758757
TxSoil20cm,0.2070872932709837,0.2070872932709837,0.007505334833626904
DHT11_temp,0.20322659448832425,0.20322659448832425,0.00736541395003257
month_12,-0.19749563226126637,0.19749563226126637,0.007157710281914927
Temperature_roll7,0.18748021129029602,0.18748021129029602,0.0067947276638143615
TxSoil100cm_roll7,-0.18542432983864215,0.18542432983864215,0.006720217642319638
RHMin_roll7,0.18413345385164404,0.18413345385164404,0.006673433233879707
TxSoil0cm_roll7,0.18232377051230322,0.18232377051230322,0.006607846016093168
PrecpHour,-0.17899859596888532,0.17899859596888532,0.006487333801488349
Precp,-0.17838700383315859,0.17838700383315859,0.006465168251455129
SunshineRate,-0.17820864422150717,0.17820864422150717,0.006458704075961329
TxSoil30cm,0.17586301167131724,0.17586301167131724,0.00637369278720595
month_9,-0.17091576458447894,0.17091576458447894,0.006194392815175221
month_12_roll7,-0.17056889353555954,0.17056889353555954,0.006181821385392589
PrecpMax10_roll7,0.16797383169806182,0.16797383169806182,0.006087770187481083
T Min_roll7,0.16529967140954396,0.16529967140954396,0.005990852274039374
TxSoil5cm_roll7,0.16153445469911767,0.16153445469911767,0.005854391887279005
RH_roll7,0.16111111569492623,0.16111111569492623,0.005839049077373071
TxSoil10cm_roll7,0.16049986369784222,0.16049986369784222,0.005816895854771261
cos_DOY_k3,0.15800388713281494,0.15800388713281494,0.005726435742219099
sin_DOY_k3,0.15727615806685044,0.15727615806685044,0.005700061114293092
TxSoil50cm,0.15237208615640327,0.15237208615640327,0.005522325913090152
T Max_roll7,0.14329789647202454,0.14329789647202454,0.00519345574993636
RH,-0.1356442446872878,0.1356442446872878,0.004916069250566415
SunShine_roll7,-0.1350556759140644,0.1350556759140644,0.004894738121814453
EvapA_roll7,-0.1319364704038584,0.1319364704038584,0.00478169071364559
LM35_tempC_roll7,0.13019747989766192,0.13019747989766192,0.004718665571854663
sin_DOY_k3_roll7,0.10941071090964019,0.10941071090964019,0.003965303746026913
DHT11_temp_roll7,0.10657822937781884,0.10657822937781884,0.0038626478951024165
is_weekend_roll7,-0.10517198464933801,0.10517198464933801,0.0038116822497527496
Precp_roll7,0.09643654793221856,0.09643654793221856,0.0034950892978416514
TxSoil20cm_roll7,0.08955044279192664,0.08955044279192664,0.0032455205099111376
month_4,0.08869841459389786,0.08869841459389786,0.003214640986532898
month_8_roll7,0.08699568691482341,0.08699568691482341,0.0031529300956323367
SunShine,-0.08484046548136388,0.08484046548136388,0.003074819757507648
PrecpMax10,-0.08039158356947061,0.08039158356947061,0.0029135817218144955
EvapA,-0.07782024236106344,0.07782024236106344,0.0028203902157796696
dayofweek,0.07763236112622655,0.07763236112622655,0.0028135809540710773
sin_DOY_k2_roll7,-0.07485488638520206,0.07485488638520206,0.0027129186797515605
month_8,0.07172789307987995,0.07172789307987995,0.002599589023410736
DHT11_humidity,0.06821437512624967,0.06821437512624967,0.0024722507967651817
is_weekend,0.059956400842192,0.059956400842192,0.002172962216232957
is_weekend,0.059956400842192,0.059956400842192,0.002172962216232957
is_weekend,0.059956400842192,0.059956400842192,0.002172962216232957
is_weekend,0.059956400842192,0.059956400842192,0.002172962216232957
month_7,0.059030065291957645,0.059030065291957645,0.002139389618112689
TxSoil30cm_roll7,0.05034719979741844,0.05034719979741844,0.0018247019720358869
RHMin,-0.041645915717708655,0.041645915717708655,0.001509346792733442
TxSoil100cm,-0.018618285662221307,0.018618285662221307,0.0006747708452600905
sin_DOY_k2,-0.018107638193592186,0.018107638193592186,0.0006562637694590155
TxSoil50cm_roll7,0.012000112952865379,0.012000112952865379,0.00043491256431047034
month_7_roll7,-0.0024742908039235485,0.0024742908039235485,8.967416911915443e-05
WGustTime,0.0,0.0,0.0
RHMinTime,0.0,0.0,0.0
PrecpMax60Time,0.0,0.0,0.0
Cloud Amount,0.0,0.0,0.0
month_2,0.0,0.0,0.0
month_3,0.0,0.0,0.0
T Max Time,0.0,0.0,0.0
T Min Time,0.0,0.0,0.0
UVI Max Time,0.0,0.0,0.0
PrecpMax10Time,0.0,0.0,0.0
RHMinTime_roll7,0.0,0.0,0.0
WGustTime_roll7,0.0,0.0,0.0
UVI Max Time_roll7,0.0,0.0,0.0
Cloud Amount_roll7,0.0,0.0,0.0
PrecpMax60Time_roll7,0.0,0.0,0.0
PrecpMax10Time_roll7,0.0,0.0,0.0
T Max Time_roll7,0.0,0.0,0.0
T Min Time_roll7,0.0,0.0,0.0
month_2_roll7,0.0,0.0,0.0
month_3_roll7,0.0,0.0,0.0
