Date,GloblRad,SunShine,SunshineRate,T Max,Td dew point,Temperature,TxSoil0cm,TxSoil100cm,TxSoil10cm,TxSoil20cm,TxSoil30cm,TxSoil50cm,TxSoil5cm,UVI Max
2026/3/1,15.843605546562744,9.3,67.04868722824635,24.70705785430185,17.3,19.54230509,21.802466396289915,23.3,22.8,21.232653977607484,21.648612472157264,22.48655953132515,17.63553839530003,4
2026/3/2,15.8842533,9.3,52.687829001615086,24.79828520999331,14.51129081152302,19.63283613975354,21.89722998634616,22.66161489349466,20.76173849,21.31024940455577,21.65896486905128,22.54664038209509,17.709036605477884,7.427292037691753
2026/3/3,15.924095166226891,1.8,54.53169492488963,24.89001275267973,14.36502813,19.724289275452936,21.992774425008044,22.70057760771188,20.723753976523383,21.388900657193005,21.655102278075613,22.60809279852718,17.784850194518015,7.435306547518456
2026/3/4,15.963123395421828,7.7,20.928765299224704,24.98218252767812,14.518454784105446,19.816618002046727,22.08905056000229,22.819540321929097,20.449850255245305,21.46855537953304,21.676789368246265,22.67089106853691,17.862945292072087,7.099900327315026
2026/3/5,16.001332762827317,7.739291462697371,0,25.074738563274853,14.393554113815105,19.90977710782665,22.186010571513933,22.93649770960592,20.311697375000332,21.549161967836028,21.70674888533936,22.735009491121136,17.943286770523873,7.006250794785712
2026/3/6,16.03872056674214,6.2,4.4,25.167626914719957,14.47384157445802,20.00372267019448,22.28360798889963,22.958471076903933,20.09645977299753,21.630669621123086,21.740732491646373,22.80042237,18.02583823507338,7.045280831053103
2026/3/7,16.075286591936777,0,0,25.260795701892302,14.794310833507106,20.09841205975844,22.381797702716995,23.101375199176783,20.133046573198264,21.71302838827786,21.79277678207583,22.86710402,18.110562014879395,6.931764555546858
2026/3/8,16.111033071457395,9.2,56.965216928966385,25.35419514062492,14.458566689310858,20.193803939863955,22.480535972129253,22.52570011814101,20.54385235013062,21.79618921168288,21.84514785,22.935028730539354,18.19741915537837,7.527980823578276
2026/3/9,16.14596464224901,9.6,33.283447491119865,25.44777756769661,15.057104445702116,20.289858261656267,22.57978042775708,22.66061489349466,20.52212685972043,21.880103967347967,21.905238998441504,23.004170794528036,18.28636941,6.665897852567608
2026/3/10,16.180088294737878,3,53.33367343645834,25.54149745951324,15.192543429020803,20.38653625478436,22.67949007,22.71057760771188,20.67327976253108,21.96472550149844,21.957522361014465,23.07450447146675,18.377371244668357,7.740992744825959
2026/3/11,16.213413316528932,6,59.07668664288631,25.63531144,15.53595911853298,20.48380041386779,22.77962526335797,22.81854032,20.94221551,22.05000766360021,22.039625318950183,23.14600398667925,18.470381815378577,7.357701921588765
2026/3/12,16.24595123038903,6.804736090606181,16.222355056562566,25.72917830939171,16.188013815935786,20.581614480859383,22.88014772555914,22.959497709605923,21.18036636388912,22.13590533580926,22.131966784641385,23.218643517443503,18.56535698532957,6.856446514638904
2026/3/13,16.27771572670123,0.4,54.428063029844786,25.823058999103527,15.92243296722976,20.679943423447718,22.981020513783736,22.999471076903934,20.88281498527308,22.222374458842427,22.227932666067844,23.292397179754555,18.66225132,7.257346787335823
2026/3/14,16.30872259058966,0,40.566988827641495,25.91691661092236,15.416242285312716,20.778753409653824,23.08220800594448,23.189375199176784,21.08192873579412,22.30937205427659,22.339239518277477,23.367239014170487,18.761018067533485,6.704167063886546
2026/3/15,16.338989623927713,10,60.21168838250853,26.010716382472843,15.012952397881984,20.878011778786703,23.18367587846674,22.676700118141017,21.39926965237545,22.39685624,22.44598456518878,23.44314297084348,18.861609208937352,7.750098360897441
2026/3/16,16.368536562455617,7.6,26.57297622078703,26.10442567396891,15.45967347,20.977687008931376,23.28539108028568,22.85861489349466,21.556545783862383,22.48478626189084,22.55364158080298,23.52008289384077,18.96397541728746,7.080759172353053
2026/3/17,16.397384988245424,1.5,19.278937473138146,26.19801394475608,15.739963896008334,21.07774868115254,23.387321803282955,22.94757760771188,21.536094483065625,22.573122472611928,22.64509861383844,23.5980325,19.068066088828324,7.566212727850955
2026/3/18,16.425558237763294,5.5,44.38061068912559,26.29145272431288,16.158551376555614,21.178167440604668,23.48943744933301,23.09454032,21.912002931665505,22.66182637281086,22.75680428,23.676965386463863,19.173829348374746,7.496646320164014
2026/3/19,16.453081305789958,3.7,50.509204693098496,26.384715577875355,16.42498091223134,21.278914954747624,23.59170859413695,23.267497709605923,22.01335019601472,22.7508606,22.86845426060632,23.756854964897848,19.281212061654653,7.379437508290623
2026/3/20,16.47998074547046,6,38.32347961205372,26.477778066862022,16.170135153563425,21.37996386887352,23.694106948030363,23.37347107690393,22.162322672239306,22.840188931069505,22.973195021391245,23.83767449268024,19.39015985,7.539113413907247
2026/3/21,16.506284564773857,0,67.66521692896642,26.57061770428973,16.596493368891736,21.48128775915719,23.796605313958555,23.607375199176783,22.20547649239689,22.92977628522474,23.082992293898812,23.919397031000056,19.500617107569404,7.235221172672984
2026/3/22,16.53202211965239,9.3,58.51206606736629,26.663213905383007,16.184894616557383,21.582861083448297,23.89917754,23.125700118141012,22.329307173626088,23.01958871443842,23.178662527756213,24.00199543208215,19.612527020818572,7.4932029772365265
2026/3/23,16.557224004197582,0,7.766172862688151,26.75554793359145,16.382801022181255,21.68465913002829,24.00179848638009,23.32861489349466,21.922362431182545,23.109593397786977,23.26682775356392,24.085442321617627,19.72583159085157,7.055275050095294
2026/3/24,16.581921938098034,4.3,46.58283543622896,26.847602842240622,16.599860584225553,21.786657964559694,24.10444394797976,23.43757760771188,21.93056217706516,23.19975862999735,23.33189203995276,24.16971008137478,19.84047166,7.438668586404756
2026/3/25,16.606148651709958,7.9,53.89503946,26.939363412052455,16.798013690423165,21.88883437545895,24.207090631234355,23.604540321929097,22.00365151801755,23.290053807563023,23.41210943817395,24.254770832103127,19.95638692988924,6.990445928390491
2026/3/26,16.62993776905721,5.7,75.87707653980476,27.030816084780543,17.138798860165128,21.99116581792705,24.30971608696469,23.78549770960592,22.50019591097936,23.38044941207409,23.48917910655373,24.34059641684208,20.073516010298547,7.951883721750169
2026/3/27,16.65332369,0,22.315153879245837,27.121948893215144,17.039586689901665,22.09363035687449,24.412298658571785,23.885471076903933,22.37902618636918,23.47091699,23.558349190580152,24.42715838474454,20.191796433212467,7.416249866902855
2026/3/28,16.676341465472344,0,5.925625896857522,27.21275138782039,17.314021194122816,22.196206608978454,24.51481742608657,24.093375199176783,22.62938780287983,23.56142913518974,23.633682205633637,24.51442797552396,20.311164697729215,7.301120926
2026/3/29,16.69902668539226,10,7.367082950472023,27.30321456027396,16.99322109758468,22.29887368411124,24.61725215,23.582700118141016,22.590371740036737,23.65195945579219,23.697985149446676,24.60237610463136,20.431556306449952,7.388056617944362
2026/3/30,16.721415347448584,9.1,0,27.39333076418586,17.37669687085442,22.40161112637881,24.719583208965773,23.766614893494665,22.50640489522852,23.74248255644006,23.759669914205773,24.690973349266468,20.55290580648178,6.877810636545061
2026/3/31,16.743543739222527,3.3,0,27.48309363327909,17.69810594622847,22.50439885500786,24.821791550021864,23.86657760771188,22.32253864647025,23.832974005127127,23.80464679,24.78018993532444,20.67514683317461,7.550234839624766
2026/4/1,16.76544831469983,6.1,31.66517371634297,27.572497997319523,17.57583626424755,22.607217105318465,24.92385862087069,24.017540321929097,22.478536425971264,23.92341030334804,23.87232493,24.86999572537638,20.79821215657912,7.379906849684659
2026/4/2,16.78716557193028,1.6,2.516857379982589,27.661539796086803,17.84318607945055,22.710046370017263,25.025766315140043,24.19349770960592,22.42099152437881,24.01376885350661,23.945158699981413,24.96036021,20.922033730604976,7.694610008746261
2026/4/3,16.80873193124653,1.2,43.408902578310396,27.750215991681333,17.50505136887716,22.812867341043603,25.127496912439305,24.260471076903933,22.614256682646943,24.10402792462153,24.018723536607524,25.05125248700305,21.046542744850218,7.386749672807836
2026/4/4,16.830183614369975,0,22.54498111798918,27.83852447946478,17.570607307617905,22.915660852197192,25.22903301957637,24.455375199176785,22.597951654175173,24.19416661648431,24.106975219717334,25.14264127527229,21.171669679064188,6.556933936250448
2026/4/5,16.851556524727954,9.7,51.46043759653458,27.926463997933144,17.09450469219536,23.01840782277237,25.33035751228321,23.934700118141016,22.65853020186971,24.28416482242697,24.192195657074723,25.234494885588585,21.297344360198128,6.868561847379962
2026/4/6,16.87288613,8.6,3.7,28.014034037822395,17.346168758786966,23.121089202418634,25.43145347767124,24.08861489349466,22.65201634968537,24.374003190859217,24.281889547169524,25.326781226228924,21.423496021989344,7.1931582240835565
2026/4/7,16.894207342328848,1.7,18.218671135433432,28.10123475074626,17.590145562749502,23.223685917442115,25.532304157633657,24.17057760771188,22.997580989695827,24.463663085736883,24.36073245189204,25.419467796783373,21.55005336701637,7.803362767
2026/4/8,16.915554411145205,8.6,16.295031341726492,28.18806685766506,17.338385095337163,23.32617881875648,25.632892893407647,24.314540321929098,23.15151823162443,24.55312654612439,24.46664099828892,25.51252168580407,21.67694463,7.365013802742675
2026/4/9,16.936960804511113,4.4,11.96026134586383,28.27453155748258,17.686358674867215,23.42854863168492,25.73320307150353,24.44849770960592,23.32538984775174,24.642376245015107,24.580400147534608,25.60590957012795,21.80409765035287,7.748467816294907
2026/4/10,16.958459103676283,2.3,43.12179573,28.36063043606534,17.91443777157917,23.53077590780786,25.833218071202595,24.513471076903933,23.296785024254618,24.73139544757374,24.695826837150857,25.69959771593108,21.93143992964627,7.830284229332983
2026/4/11,16.98008089649631,0,27.163017828248893,28.446365375975198,18.56250547130664,23.63284098,25.93292121381837,24.694375199176783,23.641864194513552,24.82016796896457,24.82511909855274,25.79355198156614,22.058898714307084,6.688742692566803
2026/4/12,17.00185667487135,10.1,45.76545256931713,28.53173846720181,17.829925211844426,23.73472391413594,26.032295713909733,24.153700118141018,23.937516323968133,24.90867813192904,24.948889068381007,25.887737822229177,22.18640106303489,7.882287338069556
2026/4/13,17.02381573577764,9.7,48.001749621293456,28.61675191917674,17.673929208975984,23.836404477730795,26.131324632625937,24.321614893494655,24.162743052322384,24.996910724274784,25.07313976184121,25.982120296495196,22.313873923073928,7.804463298754889
2026/4/14,17.045986086150933,7.9,49.55924972582308,28.701407974344573,17.537209972616708,23.937862092180627,26.22999083335615,24.39957760771188,24.184994671248862,25.084850956436835,25.18128211582257,26.076664074756245,22.44124420714124,7.355624482916753
2026/4/15,17.068394351870012,9.3,64.89999999999998,28.785708823560334,17.780760470211654,24.03907580224784,26.32827693984721,24.551540321929096,24.19943181968397,25.172484419269495,25.31025968031688,26.171333449589035,22.568438872041213,7.895618357650689
2026/4/16,17.091065691076672,8.6,18.267708292725874,28.869656523574815,18.587122826712587,24.14002424283419,26.426165296944177,24.72349770960592,24.401744131606705,25.259797042225056,25.440213402569626,26.26609234807261,22.695384998835436,7.777693950950954
2026/4/17,17.114023712056557,7.1,39.54011934021427,28.953252916861228,18.837231291322503,24.24068560986944,26.523637934099145,24.80647107690393,24.41836896811908,25.346775052072303,25.564664284316954,26.36090434607027,22.82200987,7.874342310904479
2026/4/18,17.13729039589216,0,27.76369660045311,29.036499554028246,19.77766207674209,24.34103763447643,26.62067653178325,25.021375199176784,24.76438421,25.433404932304715,25.69586252181796,26.45573268448265,22.94824107443851,7.175545010872632
2026/4/19,17.16088602408607,9.6,20.02819681111166,29.119397619054407,19.753743906118537,24.44105756051916,26.71726239092716,24.53770011814101,24.81576470504165,25.51967338338397,25.81480209562202,26.55054028747285,23.07400654716453,7.839071010600902
2026/4/20,17.184829111338676,9.3,30.64201201280876,29.20194785756922,20.27833470210837,24.540722125628367,26.813376405503977,24.76861489349466,25.24837005,25.60556728396061,25.928162217714416,26.645289782657137,23.19923469855881,7.969084353878133
2026/4/21,17.209136343650027,3.7,55.76898618703263,29.284150508395346,20.093460437569732,24.64000754578728,26.90899903835821,24.92157760771188,25.331724331258364,25.69107365320853,26.020274570243057,26.73994352,23.32385447797992,7.213880763768952
2026/4/22,17.233822521900944,9,33.22248823433168,29.366005238555108,19.709032328317925,24.73888950354793,27.00411030037252,25.128540321929098,25.36689092703606,25.776179614405457,26.129186876327143,26.834463612131124,23.447795464599174,7.468446659923501
2026/4/23,17.258900511053184,8.8,2.463379242935961,29.447511081932262,20.488408123517267,24.83734313993585,27.098689733052844,25.34749770960592,25.39489092703606,25.86087235988561,26.236258954943747,26.928811927845377,23.570987954277665,7.851089905468102
2026/4/24,17.28438119509294,6.4,2.7247941353196197,29.528666381768375,19.46388730906126,24.935343050088257,27.192716394600478,25.44247107690393,25.43243074039965,25.94513911748553,26.336273076058223,27.022950152439467,23.693363046741517,7.759459490306432
2026/4/25,17.310273437826076,0,0,29.609468737159368,19.870703937038783,25.032863282658337,27.28616884952792,25.655375199176785,25.391404007877146,26.028967118597347,26.44271135762136,27.11683980115814,23.814852732877675,7.906985804281984
2026/4/26,17.33658404961749,9.4,26.503196011655124,29.68991495370526,19.47684575384376,25.12987734300505,27.37902516186303,25.150700118141017,25.200077016964386,26.11234356793786,26.537703165691003,27.210442253915527,23.93538998196897,7.967952169024134
2026/4/27,17.36331776015049,8.1,22.64069593,29.770000998452065,19.88919081664985,25.22635820017516,27.47126289197376,25.34061489349466,25.70182807547117,26.19525561513476,26.628907559971637,27.30371878850096,24.05490882868472,7.860092668276161
2026/4/28,17.390477197265696,1.1,5.843604921613481,29.84972195925076,19.799642601301947,25.322278297671037,27.56285909703363,25.44457760771188,25.71093181968397,26.27769032822432,26.70143279600213,27.39663061545816,24.17334445964049,8.099935025685724
2026/4/29,17.41806287192226,0,0,29.92907200864394,19.81494995644655,25.41760956798523,27.653790335135422,25.625540321929098,25.69593074039965,26.35963466914785,26.793865780881703,27.489138914571654,24.2906333,7.299994498118812
2026/4/30,17.446073169307372,5.829558232810754,0,30.008044372376144,19.756510330873414,25.512323450869506,27.744032673048505,25.799497709605923,25.37289092703606,26.44107547132632,26.887849151098727,27.58120487288905,24.4067131,7.330783048728772
2026/5/1,17.474504346103405,4.8,54.47632409934537,30.08663130260875,19.50808764923436,25.606390915293517,27.83356169760253,25.873471076903936,25.46903664,26.52199941938528,26.978188396192092,27.67278972420096,24.52152300220388,8.392981215471949
2026/5/2,17.50335053390505,0,46.10160784481097,30.16482406,20.502220018835644,25.69978249,27.922352530668206,26.072375199176783,25.81694705909369,26.60239303109388,27.07814145257785,27.76385478989561,24.635003664814683,8.291688624418692
2026/5/3,17.532603748762227,9.5,45.04720900617329,30.242612876039757,20.719909391621226,25.792468267836384,28.010379847693372,25.580700118141014,25.962599188548275,26.682242641574124,27.16939252429509,27.854361521098767,24.74709729956141,8.176447375293161
2026/5/4,17.562253906807705,9.6,0,30.319986981656943,21.33190387811789,25.884417988030776,28.09761789974084,25.795614893494665,26.081036643181097,26.76153438982781,27.25897316957603,27.94427154200514,24.857747774518582,7.881098930125787
2026/5/5,17.592288845912083,7,0,30.39693455881557,21.053789168382306,25.97560102256781,28.184040538962225,25.92757760771188,26.149243052322383,26.84025420762084,27.33122999535452,28.03354669430192,24.966900687637143,8.068892557565608
2026/5/6,17.62269435329212,6.9,0,30.47344276,20.923556440573517,26.06598644030872,28.269621247430496,26.122540321929097,26.220785024254614,26.918387810755547,27.42390869155624,28.122149082580496,25.07450344302424,8.198906294
2026/5/7,17.65345419898258,5.753711918630277,20.264323019903983,30.549497698449656,21.21307860020375,26.15554304448802,28.35433316924247,26.33149770960592,26.41068235932613,26.99592069275379,27.51778860877235,28.21004112062798,25.18050532508791,8.376537215555215
2026/5/8,17.68455017506574,6,20.718807376977978,30.62508447121779,21.423139503608223,26.244239418208416,28.43814914579114,26.42447107690393,26.465493591964545,27.07283812096449,27.606846748709795,28.29718557848597,25.28485757036297,8.734366624538067
2026/5/9,17.715962140537123,0,32.28430142391398,30.70018715518453,22.022345272822207,26.33204397283052,28.52104175409699,26.658375199176785,26.693802422232977,27.14912513510123,27.70360016057997,28.383545630159915,25.387513436837768,8.492805453
2026/5/10,17.74766807167092,8.7,0,30.77478883,21.65692681770994,26.418924999107887,28.602983348076744,26.19770011814101,26.790327556606545,27.224766548206496,27.78912539427241,28.46908490185924,25.48842827060456,8.086677507840033
2026/5/11,17.779644117733717,9.3,52.45274724,30.848871606356735,21.458157371597355,26.504850720908088,28.683946102617917,26.41861489349466,26.96163930810958,27.29974695003117,27.87001544841434,28.55376752064468,25.58755956966053,8.402893863646412
2026/5/12,17.81186466188075,0.9,61.09831996756471,30.92241663491853,21.07603676701548,26.589789351351264,28.763902060317506,26.54857760771188,26.75089092703606,27.374050712808856,27.930371607020454,28.637558163356932,25.68486704469064,8.394372394826934
2026/5/13,17.844302387054924,7.4,67.62526895,30.995404153768785,21.744781677843747,26.673709151188465,28.84282318073413,26.732540321929097,27.07399359196454,27.447661999396733,28.007898706871647,28.72042210569764,25.780312676668625,8.648260580717295
2026/5/14,17.87692834669565,8.4,56.21141335050677,31.067813514707844,22.192056281240284,26.75657848923405,28.92068139199356,26.92349770960592,27.168140387393905,27.52056477374615,28.08353767,28.80232527,25.87386077111761,8.575739231
2026/5/15,17.909712040051385,1.6,53.057496276117845,31.139623224004595,22.252634530918662,26.838365904658374,28.997448644579357,27.00347107690393,27.05511950776124,27.59274281365801,28.151614611365154,28.883234280879005,25.96547800887772,8.073066301839459
2026/5/16,17.942621491877723,0,54.308686679354786,31.210810985549813,22.57676695406733,26.91904017093988,29.073096967132532,27.216375199176785,27.006989031025924,27.664179725770158,28.22515680576707,28.963116500659066,26.05513349323429,7.901718769883096
2026/5/17,17.97562333629108,8.5,39.07516756167784,31.28135374795825,22.18086360863603,26.998570361269056,29.14759852407633,26.702700118141014,27.05970509132972,27.73485896271601,28.285876030198654,29.041940091056805,26.142798793266813,8.203468175609784
2026/5/18,18.008682904536965,7.4,2.8,31.35122776,22.21584660324749,27.07692591519076,29.220925674875545,26.877614893494663,27.336848955103832,27.804763842386333,28.34108231278321,29.119674054370133,26.22844798328614,7.829388785389735
2026/5/19,18.04176431642156,6.8187416612695735,9.453903310068611,31.420408602353422,22.07103474821884,27.154076706265812,29.29305103473363,26.96457760771188,27.147724331258363,27.87387756921841,28.37562835795536,29.19628828200476,26.312057678234407,8.230706390031035
2026/5/20,18.074830575145487,9.1,7.125532594742113,31.488871290976792,22.38784730618716,27.22999311052842,29.36394753652479,27.110540321929097,27.16186896811908,27.942183257429985,28.42795635110049,29.271753600879748,26.39360706493056,8.661681685
2026/5/21,18.10784366526988,5.8,0.7,31.55659029275304,22.52190492688768,27.304646075511418,29.433588493753387,27.258497709605923,27.06168343861045,28.00966395610825,28.479684142279854,29.34604181890782,26.47307793,8.245194236005545
2026/5/22,18.140764653536543,0,28.993879817965023,31.62353961234184,22.696378974409747,27.378007189608493,29.50194766432841,27.315471076903933,27.06368128004181,28.076302676057946,28.52571313073821,29.419125769415544,26.55045467775193,8.127619319445742
2026/5/23,18.173553792256463,0,26.173845858936534,31.68969285453177,23.06544629054636,27.45004875153928,29.56899931493679,27.510375199176785,27.323406166445785,28.142082418305844,28.57951072,29.490979354369923,26.62572436,8.333879187876859
2026/5/24,18.206170624974572,9.6,4.679632990465263,31.75502329369257,22.43930608853133,27.52074383968174,29.634718285796342,27.002700118141014,27.370558295900366,28.206986204153697,28.62307007264677,29.561577586279256,26.69887666930595,8.554263884017683
2026/5/25,18.238574094112494,8.7,11.217532408260814,31.81950394554301,22.463844235051173,27.590066381034497,29.69908005556635,27.175614893494657,27.409037722465417,28.27099711,28.663811511973588,29.63089662863827,26.76990397452644,8.127287507664583
2026/5/26,18.27072265028605,0,48.58023595138145,31.88310764,22.51124782977081,27.65799121957161,29.76206080619189,27.26157760771188,27.43407861511333,28.33409828346829,28.686526712588407,29.698913834789995,26.838801302402214,8.650112066
2026/5/27,18.302574362990374,5.1,35.30141001820636,31.945807101787352,22.77402668254738,27.724494183752046,29.823637487457148,27.432540321929093,27.480494671248863,28.396273010748388,28.72943719004935,29.76560778507968,26.905566348061416,8.066973471722367
2026/5/28,18.334087032341667,8.3,0.8,32.00757501775699,23.05312165097812,27.78955215294722,29.883787881021824,27.59149770960592,27.52261950776124,28.457504718304317,28.77380330705323,29.83095832,26.970199467671797,8.763191742418446
2026/5/29,18.365218301562457,4.4,42.68239003067532,32.068384125309855,22.749657578431037,27.85314312255142,29.94249066,27.66047107690393,27.825724331258364,28.51777702553424,28.81406452011592,29.89494658446258,27.03270366846665,9.028056338
2026/5/30,18.395925769895538,0,38.73570737474345,32.12820728699994,22.977915962520623,27.91524626754216,29.999725469864558,27.852375199176784,27.725613654871392,28.577073778215336,28.86316153894385,29.95755503732265,27.09308459394202,8.762350388
2026/5/31,18.426167105630824,8.8,31.59910668280709,32.18701757,22.53847793955357,27.97584200426068,30.05547295243061,27.33470011814101,27.736307756258206,28.635379085938027,28.902540412394256,30.018767502311785,27.15135050421319,8.520064035661692
2026/6/1,18.45590015892957,5.837363149965738,0,32.244788336109394,22.917456364622183,28.03491205018621,30.10971484273608,27.50061489349466,27.769287182823252,28.69267736005216,28.93909993895397,30.078569184008437,27.207512251529028,7.951359734276981
2026/6/2,18.485083074131342,2.2,0,32.30149330436806,23.081534415312635,28.09243948148228,30.16243401,27.56557760771188,27.737076456544685,28.74895335198097,28.957180289604903,30.136946694504804,27.26158325095379,8.528173259
2026/6/3,18.51367440123083,7.5,7.102784296619111,32.35710665041761,23.053702791294757,28.14840878809815,30.21361451040235,27.69054032192909,27.82793289896829,28.804192191756005,28.99466138311656,30.19388807542167,27.313579446236638,8.641561632509848
2026/6/4,18.54163320621433,7.1,3.6099353980464546,32.41160308,23.133045833231996,28.20280592621446,30.26324165566273,27.83849770960592,27.915932898968293,28.858379426625365,29.03260435059879,30.24938281736063,27.36351927090028,9.155895598436487
2026/6/5,18.568919179949244,3.1,18.629399644824467,32.46495790037432,23.07457531299568,28.25561836782818,30.311302050601505,27.89147107690393,27.97828502425461,28.91150105958625,29.06541446313198,30.303421876709653,27.411423604590777,9.353977142
2026/6/6,18.595492745324165,0,5.383076606460606,32.51714712027379,23.38017125949669,28.306835147279426,30.35778364980942,28.063375199176782,28.147948138378016,28.963543587692477,29.106174418488308,30.355997689724305,27.457315724741655,9.109220986796998
2026/6/7,18.62131516234238,9.8,1.8943449760706255,32.56814750700259,22.91617745732027,28.356446904529875,30.402675803036026,27.527700118141016,28.087620068180936,29.014494039987436,29.136646945953665,30.40710418381301,27.50122125361628,8.675960280087876
2026/6/8,18.64634863087764,7.825848893005573,43.83282307140462,32.61793667337046,23.067198437373776,28.404445925011213,30.445969299174468,27.676614893494666,28.190828075471167,29.06434001491371,29.16420786691212,30.45673678596158,27.54316810080304,8.301807643145679
2026/6/9,18.67055639080754,3.4,45.382318486302815,32.66649315041789,23.17150344081001,28.45082618,30.48765640722481,27.74057760771188,28.130826996186844,29.11306971705098,29.17380806190203,30.50489242823885,27.58318640124887,7.937967635295076
2026/6/10,18.693902819247857,9.1,49.145969295259064,32.71379646026387,23.31353012,28.495583338448306,30.527730914063497,27.87354032192909,28.239286103538937,29.160671993035614,29.20403425,30.55156955033261,27.62130844892679,8.156983007596498
2026/6/11,18.716353524618896,8.6,29.081691244604684,32.75982719,23.64972261,28.53871483683791,30.566188158854903,28.029497709605923,28.21082699618685,29.207136366517037,29.236704001152685,30.59676809907174,27.65756862624377,8.641979606387924
2026/6/12,18.73787543728453,6.2,3.0877271360668406,32.80456704352439,23.722955149878395,28.580219862378826,30.603025063950167,28.086471076903933,28.337036643181094,29.25245307200808,29.26697609693004,30.640489524898303,27.692003329305347,8.478517894215884
2026/6/13,18.758436896513828,0,0,32.84799893964089,23.916059353437547,28.62009939395564,30.638240162127328,28.287375199176783,28.21413474717096,29.296613087489604,29.30862824832681,30.682736775260885,27.72465088916345,9.641277461556172
2026/6/14,18.778007733525868,10.150906037720128,16.136795612544955,32.89010704190583,23.39322817317596,28.65835621397896,30.67183362003736,27.78170011814101,28.35759918854827,29.33960817,29.34400462502584,30.72351428490769,27.755551489183407,9.585384489860669
2026/6/15,18.796559350389376,9.8,15.396606479361857,32.930876834276646,23.67798796335581,28.69499491993996,30.70380725773036,27.96361489349465,28.38628502425461,29.381430863503475,29.38089780992716,30.762827963066336,27.784747078675984,9.451808765403662
2026/6/16,18.81406479456028,7.8,17.06833304,32.97029517377456,23.6941268,28.73002193144096,30.734164564147445,28.04557760771188,28.465014684264112,29.422074570627508,29.404467006025342,30.80068517750473,27.812281282949066,9.492404279893329
2026/6/17,18.830498828852843,6.4,49.28811257900557,33.00835034280868,23.61271973334996,28.763445492617407,30.762910708474628,28.182540321929096,28.65197271233188,29.46153353527873,29.453265413382464,30.837094735475603,27.83819930994288,9.320673054
2026/6/18,18.84583799665266,6.7,54.64071958218765,33.04503209769772,23.728145291074465,28.79527566987931,30.790052547266747,28.33149770960592,28.8462663,29.499802888883757,29.508814683231584,30.872066861555176,27.862547853620867,9.673277011735884
2026/6/19,18.860060682193097,4.9,46.516601322457504,33.080331713201566,23.891074176834813,28.82552434491308,30.81559862726119,28.39847107690393,29.011077535829003,29.536878668420428,29.565709307576117,30.905613172394595,27.88537499429687,8.74762831
2026/6/20,18.873147165730856,0,53.21789062690051,33.11424202288629,24.07396172993422,28.854205202898488,30.839559183813357,28.608375199176784,28.965489031025925,29.572757836704152,29.636903962573733,30.93774664841082,27.90673009608673,9.307952457624818
2026/6/21,18.885079673470187,10,47.25208632497769,33.14675746,23.68705252,28.88133371590836,30.861946134898105,28.109700118141017,28.93966204011317,29.607438300458423,29.703686264540664,30.96848160245151,27.926663701680177,9.537637661303808
2026/6/22,18.89584242210036,9.9,38.562083473412955,33.177874064817715,24.03969078537784,28.90692712147291,30.882773070634236,28.29361489349466,28.94868235932613,29.640918926073223,29.772598725712506,30.997833645476884,27.945227424635835,9.157455364158512
2026/6/23,18.905421657825777,7.2,41.05948767285336,33.20758955998627,23.990145191535376,28.93100439630415,30.90205523830157,28.38357760771188,28.999577535829008,29.673199552961197,29.82740997794797,31.02581964930903,27.96247383940844,9.312138216950457
2026/6/24,18.913805689783533,4.9,15.627053154626672,33.23590332429492,23.92298823424398,28.953586225189756,30.919809522833628,28.55354032192909,28.926432898968294,29.70428100442857,29.90520563026873,31.05245770650731,27.97845636932399,9.561731868674784
2026/6/25,18.92098491775896,6.1,40.56461587295212,33.262816434209434,23.943582337827177,28.97469496507994,30.93605442278137,28.729497709605923,29.090494671248862,29.734165095985183,29.986033439632024,31.077767087436293,27.99322917272385,9.688070542413389
2026/6/26,18.92695185412543,2.3,40.35407803093528,33.28833167140316,23.672885392701637,28.99435460440465,30.95081002175743,28.80347107690393,29.19118235932613,29.76285464102532,30.063081924024807,31.10176819460021,28.00684702750413,9.841148641205024
2026/6/27,18.931701139950967,0,53.01737298356519,33.31245353009236,23.97085561322438,29.01259072,30.964097955382663,29.01737519917678,29.133843314880888,29.790353453818785,30.14804140974975,31.124482514325504,28.01936521428136,9.828551844462666
2026/6/28,18.93522956,0,54.677696688112526,33.335188219267046,23.78853219110008,29.02943041541743,30.97594137,28.518700118141016,29.23759918854828,29.81666634975995,30.221145873086385,31.14593257,28.03083939841954,10.061965380043336
2026/6/29,18.93753602321684,8.8,53.31979022905453,33.35654366,24.20765349022368,29.044902289570366,30.986364899600336,28.706614893494663,29.431745210891023,29.841799142830187,30.288155425238617,31.16614184812776,28.041325511157492,9.714663871988131
2026/6/30,18.938621608847946,5.8,51.08329642709789,33.37652947614861,24.30891320277452,29.059036354352006,30.995394581833597,28.81557760771188,29.52513930810958,29.86575864023805,30.332375958023004,31.185134783814284,28.05087963007834,9.659081161099746
2026/7/1,18.938489511268017,4.658731003880371,47.00886073509726,33.39515698337324,23.984596772301508,29.07186398278988,31.003057845161425,28.99054032,29.48868128004181,29.888552634209454,30.390783361335497,31.20293666160587,28.059557859165484,9.085947965406405
2026/7/2,18.93714505047704,6.694508494825502,56.07867562,33.41243916822343,24.018147583612656,29.083417838981426,31.00938343525786,29.172497709605924,29.52418128004181,29.91018989090944,30.44368481031776,31.219573575985844,28.067416208691792,9.959175176149165
2026/7/3,18.93459564814316,6,28.15063229541237,33.42839066554431,24.00819345431934,29.093731806235127,31.014401359947527,29.23047107690393,29.31828502425461,29.93068014,30.484894979340652,31.23507236513854,28.07451047518973,9.946866188737683
2026/7/4,18.930850802636776,0,38.91785831576075,33.443027729282726,24.31001195601538,29.10284091123537,31.018142826398385,29.44337519917678,29.374154547519304,29.950034040229465,30.52707589864006,31.249460546947056,28.080896121751323,9.751525786378664
2026/7/5,18.925922058359028,9.2,29.44180551124547,33.45636819838268,23.96258567195841,29.110781244389155,31.020640174465143,28.926700118141014,29.334764705041653,29.968263194871803,30.55173956502602,31.26276625323976,28.086628158907104,9.861733765279189
2026/7/6,18.919822969453268,8.7,48.150700060898984,33.468431457591336,24.27754413956862,29.117589876524413,31.02192680632136,29.10861489349466,29.49437005,29.98538009401462,30.56617490780724,31.275018162425177,28.091761026332865,9.609521982607156
2026/7/7,18.912569058004067,6.8187416612695735,35.63265937778133,33.479238393247385,24.33160871181745,29.12330477212207,31.022037112529027,29.18957760771188,29.368535563896778,30.001398106739373,30.555398297682537,31.28624543066036,28.096348475632333,9.860356155332832
2026/7/8,18.90417776684335,5.8,8.775691266609824,33.48881134413966,24.307199681638316,29.12796469927448,31.02100639470656,29.329540321929095,29.25547271233188,30.01633144941761,30.558198462450704,31.296477621702355,28.100443454442484,9.321618748
2026/7/9,18.894668407098347,4.6,10.951720179514552,33.49717404753838,24.23176275154864,29.131609136574404,31.01887078,29.47849770960592,29.27628502425461,30.03019515477013,30.55671236174242,31.30574463559696,28.104097992105995,9.251941842235103
2026/7/10,18.884062100630764,4.8,33.70112220381805,33.504351580516854,24.17352257695033,29.134278177148307,31.015667162306656,29.513471076903937,29.233578615113327,30.04300503822653,30.546514316908716,31.314076636362653,28.107363087153264,10.16459475885649
2026/7/11,18.87238171753064,0,56.21427716362377,33.51037029669595,24.47888693537055,29.13601243,31.011433066142644,29.681375199176788,29.481801342948657,30.05477766,30.54187169504437,31.32150397883172,28.110288596832905,9.790316706983374
2026/7/12,18.859651808842287,9.5,58.224139547884064,33.515257758557944,24.15473792602711,29.136852919304243,31.006206607191054,29.117700118141016,29.321205091329723,30.06553029,30.52567073468764,31.328057134813413,28.11292312892611,9.769451954873931
2026/7/13,18.84589853471284,9.8,52.61989971219158,33.51904266549038,24.63155408588028,29.136840980672133,31.000026375907247,29.248614893494658,29.59703664,30.07528087237634,30.50627823580449,31.333766618747163,28.115313936076326,9.626360879531658
2026/7/14,18.83114958816682,2.6,50.439095300900306,33.52175477773443,24.489948971470675,29.13601815667142,30.992931348701955,29.28057760771188,29.496243052322384,30.084047953546158,30.46944183837391,31.33866291301605,28.11750681286043,9.278929803595002
2026/7/15,18.815434114722304,4.4,45.013599371066796,33.52342483642487,24.356472728536524,29.134426089825407,30.98496079216299,29.390540321929095,29.38074305232238,30.09185067259573,30.45430250532841,31.34277639,28.11954599582288,9.723347939696884
2026/7/16,18.798782628075816,4,4.6,33.524084479922074,24.36540984446872,29.132106414574725,30.976154165517936,29.517497709605923,29.36413822882525,30.09870869231755,30.44295757143586,31.34613725269468,28.121474066688062,8.978589737557357
2026/7/17,18.781226922094135,1.3,16.68667382908782,33.52376615664812,24.22885908967079,29.129100648064963,30.966551021579832,29.53447107690393,29.49968128004181,30.10464215331484,30.43055741428753,31.34877542911465,28.123331858960107,10.115185584399146
2026/7/18,18.762799979361617,0,42.661705343198385,33.522503034650896,24.518192585421048,29.12545008009394,30.95619090642473,29.685375199176782,29.50284439416521,30.10967162165513,30.43058870763369,31.350720528918263,28.12515836811248,9.705465484438747
2026/7/19,18.743535876541028,10,15.678223977654511,33.52032890813128,24.21731322637652,29.121195662498454,30.94511325805516,29.121700118141018,29.28634972819044,30.113818034665726,30.42484641821137,31.352001754168924,28.126990665562325,9.577293953
2026/7/20,18.72346968681517,8.7,28.857642931225076,33.51727810117854,24.32432879119648,29.11637789826478,30.9333573,29.27961489349466,29.44557753582901,30.11710264500169,30.420357826064865,31.35264782936593,28.128863816617034,9.535487089851546
2026/7/21,18.702637379684568,0,47.93485169625913,33.51338536896924,24.207928749936837,29.111036730649896,30.92096196027595,29.33157760771188,29.31772433125836,30.11954696312398,30.40135796199933,31.352686929268195,28.13081080257219,9.235831999427733
2026/7/22,18.68107571840396,6.8,21.35593567641579,33.50868579669375,24.178039006842383,29.10521143260326,30.907965725492705,29.46954032192909,29.24307753582901,30.121172698330533,30.405386037251965,31.35214660777853,28.13286244713137,9.421196400911471
2026/7/23,18.65882215534721,6.804736090606181,51.35994735791991,33.50321469648296,24.338158524999063,29.098940496780468,30.894406581180213,29.596497709605924,29.258641466678224,30.12200169848973,30.412936694623667,31.351053728061963,28.135047347309527,8.956259890752028
2026/7/24,18.63591472559593,3.3,52.17768014396641,33.497007502615524,24.24896268169836,29.092261526441074,30.880321887801987,29.64047107690393,29.309328075471168,30.122055888630232,30.41764436,31.34943439406903,28.137391808972044,9.670259964169366
2026/7/25,18.612391939052326,0,12.426582739189852,33.49009966529284,24.54093987,29.08521112752292,30.86574828321308,29.799375199176783,29.477739570668085,30.121357208546645,30.43164889269593,31.347313883633323,28.139919787151936,9.697884291303517
2026/7/26,18.588292671380955,8.2,41.42737746,33.482526543274886,24.05539852702553,29.077824802184928,30.85072158167561,29.260700118141017,29.60666311939749,30.119927549584474,30.43564021533709,31.34471658330936,28.14265283127761,9.457935099770872
2026/7/27,18.56365605408768,9.8,5.175708030948197,33.47432329567581,24.291913982466045,29.070136844108568,30.83527667401509,29.38761489349466,29.545744131606703,30.11778869077251,30.435841241633756,31.341665925113915,28.145610035432988,9.179833742619788
2026/7/28,18.538521364046357,5.4,0,33.46552477322231,24.246303891370676,29.06218023584619,30.81944742919122,29.42357760771188,29.475724331258363,30.114962234473666,30.41602528707795,31.33818432533035,28.148807993761487,9.084594099
2026/7/29,18.51292791278597,6.1,0,33.456165409281766,24.258800157914955,29.05398654850154,30.803266597555524,29.515540321929095,29.46028610353893,30.111469541729043,30.413635246038496,31.33429312553121,28.15226076111384,8.621840632150317
2026/7/30,18.48691493585139,4.7,31.153592882837117,33.44627911096992,24.45547592328051,29.045585844023723,30.786765716065798,29.62749770960592,29.467951620032316,30.107331667472582,30.409437128293582,31.330012535970408,28.155979819029117,7.745084636
2026/7/31,18.46052148255117,0.2,42.852322348037625,33.43589915064981,24.26751699027345,29.037006580391644,30.769975015724484,29.62547107690393,29.385847875819508,30.10256929579552,30.397686119415127,31.32536158149109,28.15997404712648,8.729860999019115
2026/8/1,18.433786306404887,0,47.72650108878101,33.42505805813506,24.437321600578912,29.02827551996057,30.75292333150449,29.758375199176783,29.38686419451355,30.097202675442084,30.391454381543664,31.32035805009029,28.16424969997362,8.266719685516994
2026/8/2,18.406747756600826,9.5,9.05056008,33.41378751391064,24.272607580986246,29.019417641236373,30.73563801502131,29.19170011814101,29.40966204011317,30.09125156,30.37262037,31.31501844427598,28.16881038948636,8.611866161844912
2026/8/3,18.37944367077228,9.4,0,33.40211824368396,24.47009895104924,29.01045605433638,30.71814485020554,29.31261489349466,29.199431819683973,30.08473512300064,30.34878203276305,31.309357935345982,28.17365707290158,8.002922646522311
2026/8/4,18.351911269397256,4.2,26.580333355705438,33.390079914577385,24.341905600922253,29.001411920388207,30.70046797222385,29.35857760771188,29.172328075471164,30.07767193801745,30.30519397524238,31.303390320712204,28.17878804635397,8.410457912632282
2026/8/5,18.324187052122117,4.5,48.79381731205124,33.37770103327132,24.24511493410968,28.99230438,30.68262978988988,29.47654032,29.15178718282326,30.070079874103776,30.280800244399924,31.297127984386893,28.184198944074744,8.713715854401936
2026/8/6,18.29630669630482,7.6,44.071599325795894,33.365008846403555,24.38830715372977,28.98315045680494,30.664650911799534,29.60649770960592,29.337078615113327,30.061976056594556,30.257800183454325,31.290581860740804,28.18988274321848,9.282236425056862
2026/8/7,18.26830496,1.9,24.521148740297495,33.35202924352667,24.31714320471797,28.973965038999207,30.646550076417338,29.63447107690394,29.071225410542688,30.05337680354778,30.23173033961892,31.28376140163587,28.19582977431208,9.420343400879858
2026/8/8,18.24021557613931,0,8.711175176620612,33.338786662920505,24.649476441088822,28.96476076793092,30.628344086331644,29.779375199176787,29.077029923673837,30.044297567973384,30.21671632914597,31.27667455,28.20202773730756,8.830355710485676
2026/8/9,18.212071178771204,10,14.95787264456217,33.32530400055069,24.381037875047603,28.955548005100933,30.610047746887854,29.21470011814101,29.195099188548276,30.03475288174545,30.195398655828257,31.269327699124503,28.20846172320846,8.707948946
2026/8/10,18.18390319397948,9.8,33.928356753318276,33.31160252245819,24.662580999763318,28.946334775073915,30.59167380939881,29.35061489349466,29.156223251974044,30.024756301371983,30.175798408592197,31.261725700184176,28.21511424,8.815835565622894
2026/8/11,18.15574176338668,7,50.63905448527947,33.29770178085686,24.55555178189812,28.937126718711497,30.573232919121114,29.40357760771188,29.175306983171595,30.014320355792997,30.143225542247777,31.253871814016943,28.221965251420507,8.667142541827275
2026/8/12,18.127615659902236,9.3,34.10259509203715,33.28361953,24.212728363953246,28.927927052005547,30.554733568175777,29.509540321929094,29.021036643181095,30.003456496374422,30.136303111548635,31.24576771126013,28.22899220273267,8.676839691154523
2026/8/13,18.09955220948306,8.7,54.267221316057515,33.26937167153537,24.294289071305485,28.918736530666585,30.53618205357958,29.62849770960592,28.931244131606704,29.99217504926035,30.136545360717605,31.237413458476883,28.23617007637556,9.546615250923647
2026/8/14,18.07157721720092,7.1,54.3,33.25497214122087,24.0709219,28.909553420608976,30.51758244054211,29.66247107690393,29.054933978252613,29.980485170241984,30.138472075794205,31.228807511125098,28.24347143444928,9.816927327112207
2026/8/15,18.043714897832054,0,46.44505566147743,33.24043288453865,24.303457506927188,28.90037347446093,30.49893653117095,29.813375199176782,28.93619759873585,29.968394802296164,30.15491136,31.21994671043278,28.25086647370694,9.105759721861611
2026/8/16,18.01598781117229,9,47.991320646074406,33.22576377413894,23.825482572727854,28.891189914212426,30.480243838714703,29.24670011814101,28.99920509132972,29.955910635940896,30.166992066960056,31.21082628420741,28.25832308435032,9.416546100272235
2026/8/17,17.988416802267885,9.2,42.6852094,33.21097255770971,24.27353454360888,28.88199342010023,30.461501567460303,29.383614893494663,29.173786103538937,29.94303807254886,30.18108825192149,31.20143985159748,28.26580691373441,9.436097594
2026/8/18,17.961020946739115,5.9,46.43418565177138,33.19606480701714,24.25472322955263,28.87277212581377,30.442704598387643,29.42457760771188,29.20593181968397,29.92978119075393,30.18081398767056,31.19177943181531,28.27328143,9.371639703759715
2026/8/19,17.933817501359766,6.3,27.50294753947648,33.18104387251749,24.055670889197373,28.86351162009031,30.42384548067045,29.52154032,28.99168020075749,29.91614271607819,30.20313728491165,31.181835456821005,28.28070802,8.345175153900534
2026/8/20,17.906821860041173,8.3,45.10453511705593,33.16591084371835,24.11421888238729,28.854194954752597,30.404914429098348,29.63249770960592,29.02278610353893,29.902123993900208,30.228046091758586,31.171596787958052,28.288046015533094,9.273410588625712
2026/8/21,17.88004751535485,7.332044875,67.62135920177994,33.150664515453265,23.938494684773666,28.84480265922636,30.385899327480324,29.65247107690393,29.07768128004181,29.887724965877176,30.24874401217633,31.161050736521577,28.29525282949401,9.310880465
2026/8/22,17.853506025712615,0,57.15699303333713,33.135301360218975,24.246947378481966,28.835312761558708,30.36678573807532,29.808375199176783,29.24030134294865,29.87294414992583,30.27702347543756,31.15018308823148,28.302284011921444,9.028700183361943
2026/8/23,17.82720698830749,8.047258472,61.09999999999999,33.119815506709585,23.751150779114884,28.82570082,30.347556917080677,29.24770011814101,29.06451416539949,29.857778623858515,30.293313785441786,31.13897813157287,28.309093347746504,9.328806867420845
2026/8/24,17.80115801790307,8.9,56.63068711114819,33.10419872466565,24.206760878732684,28.815939936739262,30.328193836194075,29.38161489349466,29.12107753582901,29.842224012762134,30.30366335168412,31.127418689957363,28.31563295000823,9.156564301
2026/8/25,17.77536473154282,3.3,39,33.08844041614135,24.210205735808117,28.806000838962994,30.308675210249376,29.43657760771188,29.103826996186847,29.826274480198744,30.291752490207426,31.115486157649546,28.321853357224136,9.072185097682652
2026/8/26,17.749830739234675,3.8,39.72462401164875,33.072527613275234,23.98517108630592,28.79585188519913,30.288977530911787,29.548540321929096,29.08089092703606,29.809922723297312,30.29500450214023,31.10316053939397,28.327703634134927,9.059285822893374
2026/8/27,17.724557640649742,0,49.49388016845831,33.056444982634446,24.054974875238933,28.78545913888168,30.269075106402063,29.663497709605924,29.020346796535183,29.79315997179666,30.294228231182608,31.09042049366933,28.333131475612003,9.253560294654385
2026/8/28,17.699545027857518,3.5,43.38663198945167,33.04017483618469,24.03254537606752,28.774786423863407,30.248940107204533,29.696471076903933,29.04207645654468,29.775975991089965,30.28377102,31.07724337948729,28.338083313510115,9.054180797872275
2026/8/29,17.674790494103142,0,34.89789138677022,33.02369714892139,24.35246612735361,28.763795390184026,30.228542617698217,29.842375199176782,29.09436311522923,29.75835908931113,30.27683216880687,31.063605306645368,28.34250442624141,9.296356870336048
2026/8/30,17.65028964861595,7.9,33.36018216320508,33.00698958318011,23.779403812117863,28.752445585929323,30.207850693635223,29.278700118141018,28.955807756258206,29.740296128493465,30.25543750860196,31.049481189334895,28.34633905084169,8.594363624
2026/8/31,17.626036137421387,9.2,22.946703048063608,32.99002751962659,24.02229229,28.74069453505817,30.18683042537572,29.400614893494662,28.939328075471167,29.72177253982062,30.227338501950463,31.03484480299644,28.34953049729491,8.328155659
2026/9/1,17.60202167011228,6.8187416612695735,0,32.97278409490961,24.04431589,28.728497821058983,30.16544601,29.42657760771188,28.670141466678224,29.70277234297975,30.177936634565697,31.019668844307827,28.35202126487725,8.775683839286078
2026/9/2,17.578236052518523,8.8,44.83380106234506,32.95523024594187,23.85817309406613,28.715809176281788,30.14365980959079,29.51354032192909,28.61238984775174,29.68327816961599,30.14630563762825,31.003924994181883,28.35375316027864,8.972346829096878
2026/9/3,17.554667225198127,5.753711918630277,36.88258231498656,32.93733476075659,24.026589649811072,28.70258057677759,30.121432463311063,29.61849770960592,28.561993591964544,29.66327129087716,30.11474947534562,30.987583983643685,28.354667417255968,8.585861196560401
2026/9/4,17.53130130765631,3.4,57.18550224324273,32.91906433587044,23.94756415312927,28.688762342461995,30.09872294019393,29.61947107690393,28.64747379,29.642731649026963,30.07887952105801,30.970615662450182,28.354704817569704,8.355117182
2026/9/5,17.508122648183296,0,47.23251698317797,32.90038364006492,24.08340880558711,28.674303242406115,30.07548864541606,29.736375199176788,28.70634331488089,29.621637893094263,30.05286499090844,30.952989070308146,28.353805812953546,8.461154785403478
2026/9/6,17.485113879185963,8.6,57.36692350273206,32.88125538448232,23.52928346250913,28.65915060504409,30.05168551211716,29.15970011814101,28.625952393118915,29.59996742,30.019360590164137,30.93467251054004,28.351910647864862,8.212666397661286
2026/9/7,17.462255977872978,8,47.930813352476264,32.861640398914105,23.60691283792117,28.643250433073444,30.02726810116292,29.26861489349466,28.587974870900524,29.577696410718243,29.986377035544557,30.91563362604137,28.34895948276313,8.740023365
2026/9/8,17.439528332138146,5.8,65.66765422925864,32.84149771414331,23.77997280413005,28.62654752281172,30.00218970542203,29.30057760771188,28.69437005,29.554799892577822,29.93919669362384,30.89583948,28.34489251766266,8.533399935265091
2026/9/9,17.416908811472027,3.5086728057734256,53.31785912,32.82078465018601,23.77700503773999,28.608985587760827,29.976402458342477,29.39754032,28.751368968119078,29.53125177568004,29.91640706965029,30.875256622780416,28.339650115706423,8.580273673212224
2026/9/10,17.394373842717833,6.4,46.40013919842244,32.799456910260155,23.61805661837481,28.59050738611893,29.94985744660066,29.51849770960592,28.672390927036066,29.50702491529855,29.899489282042804,30.853851200089057,28.333172926508457,8.108460638994053
2026/9/11,17.371898490473768,6.9,41.570790095964874,32.77746868029456,23.53908812878207,28.571054851968647,29.922504826585463,29.52747107690393,28.66587005,29.482091168996725,29.882943081067303,30.831589010095808,28.32540200901339,8.307786150525661
2026/9/12,17.349456541930927,0,6.775936896411527,32.75477273377531,23.79406963740564,28.55056922986015,29.894293944468448,29.656375199176782,28.383886366097443,29.45642145874839,29.879599693408096,30.808435601478315,28.316278953623904,8.284874814497229
2026/9/13,17.32702059592325,7.7,0,32.73132054171165,23.41597967645124,28.52899121249804,29.86517345960161,29.07870011814102,28.455265784325974,29.42998583646364,29.870622896364672,30.784356356915488,28.30574600334896,8.490627223546507
2026/9/14,17.30456215595392,7.6,35.72009074830601,32.707062387488925,23.690091272934843,28.50626108123165,29.835091470974305,29.183614893494664,28.51787005,29.40275355279648,29.862459872681043,30.75931658027157,28.293746173728973,8.772213380855966
2026/9/15,17.282051726951213,2.3,42.72443344588204,32.68194748636229,23.850559252965823,28.48231884904062,29.803995646452037,29.19857760771188,28.59332699618685,29.37469312910152,29.83883964525358,30.733281584646864,28.280223371297343,8.852998572680015
2026/9/16,17.25945891549611,8.7,51.82899108337157,32.655924109331266,23.689004212448552,28.457104405699432,29.771833354511497,29.27154032,28.65418128004181,29.345772432398604,29.836887305586856,30.70621678110179,28.26512251034205,8.388887346470746
2026/9/17,17.236752533253792,8.4,51.06201947453651,32.628939711122555,23.723402219238103,28.430557664798368,29.73855179817896,29.375497709605924,28.642890927036063,29.31595875319504,29.836786822207703,30.678087767858816,28.248389627735467,8.171807224
2026/9/18,17.213900703331834,3.4,61.272256561759136,32.60094106199619,23.35826082623032,28.402618712291822,29.704098150871594,29.371471076903934,28.533473791616203,29.285218886007232,29.831970049152275,30.648860419785542,28.22997199560576,8.616876013238478
2026/9/19,17.19087096927921,0,52.48747750764819,32.57187438307883,23.45125650825835,28.373227956240083,29.668419693835897,29.49837519917678,28.438635826455283,29.25351921241559,29.834479902657755,30.61850097796091,28.20981823162876,8.358811323268483
2026/9/20,17.167630406432465,9.2,2.2,32.54168548491693,23.013351218664678,28.342326277405817,29.63146395487116,28.91570011814101,28.07660027,29.22082578647886,29.82500559821338,30.58697613912634,28.187878406725204,8.468136081355247
2026/9/21,17.14414573530812,9.3,51.04717828496146,32.51031990893286,23.069200640638027,28.309855180363417,29.593178848021896,29.017614893494663,28.077828075471167,29.187104422326943,29.809849920006357,30.554253144823253,28.16410414995513,8.490301447957671
2026/9/22,17.120383436734155,4.4,18.877977463463097,32.47772307145718,22.89235162365801,28.275756944775843,29.553512813918765,29.03957760771188,28.14768128004181,29.152320783744784,29.77292575,30.52029987001897,28.138448750407765,7.9794573360577665
2026/9/23,17.096309868408074,0,68.10000000000001,32.443840410002586,22.843847917760904,28.23997478,29.51241496044454,29.13954032,28.11682807547117,29.116440475553095,29.751850549593797,30.485084911023755,28.110867255892927,8.197889437999805
2026/9/24,17.071891382564043,3.5527679955830527,61.288998482459064,32.40861753143665,23.010148060389582,28.202452958119192,29.469835203399384,29.23749770960592,28.269328075471165,29.079429136586494,29.727572973729316,30.44857767250315,28.081316568247928,8.076078661143438
2026/9/25,17.047094444428176,6.6,8.020950059583507,32.37200036170407,22.76563089033438,28.16313699871403,29.425724406837823,29.246471076903937,28.164244131606704,29.041252534063656,29.694511680725736,30.410748453391697,28.049755535081744,7.835077922455621
2026/9/26,17.02188575113783,0,66.09509981705155,32.33393529674317,22.76139158040731,28.12197378225794,29.380034522749508,29.39437519917679,28.123238491383763,29.001876659139537,29.665857311905587,30.371568531516125,28.016145037787467,8.337110108345078
2026/9/27,16.996232350798703,8.8,5.224719244713209,32.29436935423616,22.290054968938318,28.078911714557165,29.332718729755392,28.822700118141015,28.03153612431648,28.961267823425324,29.62353926042601,30.33101024673895,27.98044808,8.151831374583825
2026/9/28,16.97010176135254,8.1,0,32.25325032582858,22.61680403814064,28.033900868231296,29.28373157049208,28.939614893494664,28.11109949474599,28.919392756257626,29.57512121,30.28904708243669,27.94262985,7.712781900252931
2026/9/29,16.943462088927554,0.6691229592633737,33.96879236750122,32.21052692945013,22.71789158643705,27.986893125447004,29.233029087358727,28.96557760771188,27.902829154755487,28.87621870249534,29.505726794193933,30.245653745130284,27.902657819905716,7.474835672464068
2026/9/30,16.916282145344518,5,56.77394167940129,32.166148961366666,22.47504792,27.937842318060117,29.180568956303222,29.05954032,27.779265223906272,28.831713520619715,29.45406815916899,30.200806242089577,27.86050181402436,7.4271022227041135
2026/10/1,16.888531564452766,6.4,63.74317903797272,32.120067447591815,22.56050415581722,27.88670436483389,29.126310618327704,29.155497709605925,27.82243074039965,28.78584578091065,29.402015216413133,30.154481956737897,27.81613405752528,7.766411278013037
2026/10/2,16.860180916972645,5.2,60.894613696123564,32.07223479428607,22.236989513185883,27.833437405407267,29.070215408397413,29.152471076903936,27.831036643181097,28.738584863470876,29.34468882013937,30.10665972168802,27.769529254766336,7.604401713768417
2026/10/3,16.83120182,0,76.16809567014674,32.02260494,22.013033945151925,27.77800193069241,29.01224668144183,29.277375199176785,27.896198678020177,28.68990106,29.295731266625708,30.05731988924566,27.720664643216583,7.912900770772806
2026/10/4,16.801567065525248,7.8,70.25216738016151,31.971133486793452,21.376764356218374,27.72036090938911,28.95236993514266,28.692700118141016,27.75707917553303,28.639765650165483,29.237257258993672,30.00644439922262,27.669520046654316,8.391302246515348
2026/10/5,16.77125069364939,9.6,64.89999999999998,31.917777877656864,21.44619047,27.66047991031081,28.890552929209303,28.80461489349466,27.62343181968397,28.58815103910788,29.17674995031541,29.954016843907443,27.616077923545955,7.5697223091585935
2026/10/6,16.740228133535023,2.9,55.50000000000001,31.862497506879865,21.211048722926225,27.59832722022624,28.826765800849945,28.80157760771188,27.52022325197404,28.535030811237625,29.09900310163241,29.90002253004821,27.560323410537848,7.7297570992679105
2026/10/7,16.70847628844957,6.1,33.24807037599265,31.80525387599712,20.919037934843075,27.53387395692973,28.760981176153955,28.874540321929096,27.38643181968397,28.480379844707315,29.04218078994397,29.844448537708367,27.50224436100379,7.571430018838999
2026/10/8,16.67597363861518,8.4,68.10631643335643,31.74601072716179,21.107511451385434,27.46709417726404,28.69317427711009,28.934497709605925,27.42187005,28.42417439956469,28.98743047373105,29.787283775863894,27.44183137860242,7.823895948321482
2026/10/9,16.64270033691298,7.1,66.11521693,31.684734176195622,21.19797301550438,27.397964979829563,28.623323023993777,28.90747107690393,27.368786103538937,28.366392208283745,28.92902968857084,29.72851903461728,27.379077845809743,7.772863989013675
2026/10/10,16.608638300691126,0,61.09999999999999,31.621392841744893,21.120857099980316,27.32646660212645,28.55140813286736,29.005375199176783,27.28844597980937,28.30701256432019,28.87971647936079,29.66814703,27.313979947403237,7.842427896
2026/10/11,16.57377129941161,10.150906037720128,65.4792964,31.555957970207857,20.39860210284136,27.25258251188716,28.47741320794703,28.40970011814101,27.23420401,28.246016408472126,28.82070297253883,29.60616246863508,27.24653668888516,7.924999511985771
2026/10/12,16.53808503788128,9.9,57.39918012521912,31.488403556107723,20.71209242714925,27.176299492370777,28.40132483,28.50961489349466,27.312681280041808,28.18338641283102,28.75863286939369,29.542562050017484,27.17674990984384,7.499439274868239
2026/10/13,16.501567234823458,7.8,68.50587110132875,31.418706457595093,20.730107339752337,27.097607721403183,28.32313263076165,28.50657760771188,27.232494671248865,28.119107062112302,28.67758016420814,29.47734454322252,27.10462429226276,7.532546486853048
2026/10/14,16.464207696558518,9.2,34.70879962600783,31.346846506773613,20.28472461887742,27.016500843961285,28.24282938252396,28.56854032,27.126890927036065,28.05316473216005,28.61515710988128,29.410510801055946,27.03016736379811,7.718147500373265
2026/10/15,16.425998385573923,5.2,55.24820306560112,31.27280661455429,20.02771989039917,26.932976038113896,28.160411053760622,28.63549770960592,27.235035563896773,27.98554776542511,28.552164344317585,29.342063793712363,26.953389496056698,7.400885006119805
2026/10/16,16.386933483777405,4.7,64.75711897458898,31.19657286975541,20.08260570608675,26.84703407,28.075876879541365,28.611471076903936,27.03605644352944,27.916246543222947,28.482761240430136,29.272008634495528,26.87430389791616,7.543527500418749
2026/10/17,16.34700945024053,0,75.12913255172323,31.11813463217783,20.07321432508899,26.758679366715366,27.989229417202797,28.713375199176784,26.746217399084195,27.84525355458285,28.419805186973043,29.20035260145493,26.79292660394057,7.332997727207696
2026/10/18,16.306225073253795,8.9,65.90459896155586,31.037484619398825,19.445178039080396,26.66792001988132,27.900474596906875,28.099700118141016,26.49018184046151,27.772563461508064,28.34485869283152,29.12710515489137,26.70927645795445,7.170601650900959
2026/10/19,16.264581516529308,9.8,63.307123482142586,30.954618987041528,19.91609825038463,26.574767864911852,27.809621765547305,28.16561489349466,26.441225410542685,27.69817316047298,28.26512549989271,29.05227795069275,26.623375091848427,7.653061779037298
2026/10/20,16.222082359401945,8.047258472,50.45626550546439,30.86953740229188,19.96810458,26.47923849072853,27.716683723877303,28.14757760771188,26.189035563896773,27.62208183999205,28.16541430012424,28.975884849471743,26.535246899699597,7.344402426230147
2026/10/21,16.178733630895348,8.9,51.50556591984384,30.78224311,19.554521842205133,26.381351266916084,27.62167675674772,28.19954032,26.11932699618685,27.544291034102837,28.084200180956948,28.897941921485312,26.444919007299227,7.326771295023028
2026/10/22,16.13454383753518,3.3,52.24949669134336,30.69274299431987,19.39578795854512,26.281129359214955,27.524620656360007,28.26849770960592,26.058993591964544,27.46480467161464,28.003219498378726,28.81846744732653,26.35242123718971,7.337734761
2026/10/23,16.08952398480809,3.8,48.35518564684803,30.601047626254275,19.37490557661838,26.178599737439743,27.425538738454723,28.246471076903934,26.038826996186845,27.38362912098297,27.917579547244703,28.73748191,26.257786069321583,7.032768577427643
2026/10/24,16.043687592181314,0,52.60701745844492,30.507171312695085,19.77679872969778,26.073793175782487,27.32445785137204,28.329375199176784,25.931656706087946,27.30077323067988,27.84103536950522,28.655008009106552,26.161048597450225,6.966512624598286
2026/10/25,15.9970507,7.332044875,66.21197413837936,30.41113213105882,19.52870398349369,25.96674424547765,27.221408377937465,27.710700118141016,25.932057216616045,27.21624836,27.75593634121436,28.57107060500565,26.06224648139984,6.604970745099235
2026/10/26,15.949631879514358,0,55.49215449471051,30.312951958840863,19.32075437926625,25.85749129982263,27.116424230142123,27.77061489349466,25.84586896811908,27.130068434768138,27.67010736828557,28.48569675,25.96141989533053,7.291777863421808
2026/10/27,15.90145221209186,4.6,48.366716095131785,30.212656494827176,18.94589632037442,25.74607645156552,27.00954283660368,27.76057760771188,25.664028575897557,27.04224992412088,27.568766616405863,28.39891562896413,25.858611472151612,7.033800831245145
2026/10/28,15.852535294115397,7.8,70.93973050813113,30.110275272321395,18.67665261017249,25.63254554,26.900805122810592,27.810540321929093,25.744965219724776,26.952811911151983,27.490552720864887,28.310758573708657,25.75386624423136,7.518042708944138
2026/10/29,15.80290721104978,3.1,67.53172455184598,30.00584166431391,19.00925719960404,25.51694810663754,26.790255484168764,27.881497709605924,25.78609819358925,26.861776084464264,27.417099325805065,28.22125900026039,25.64723158056021,6.763525281127079
2026/10/30,15.752596514605184,4.6,76.44457942191715,29.899392880538155,18.84130674705189,25.39933732304973,26.677941751886728,27.85147107690393,25.733246497786546,26.76916675428812,27.34313967638009,28.130452393668957,25.53875712,6.99441455
2026/10/31,15.70163419172882,0,64.77606163930913,29.790969956378987,19.134500797315425,25.27976996508015,26.56391515175144,27.949375199176785,25.57031170128777,26.675010858534897,27.28179408371116,28.038376268318224,25.42849470450305,6.979654015471581
2026/11/1,15.650053627092024,9.9,54.40726332755631,29.680617733616582,18.613250901177828,25.15830633940536,26.44823025586363,27.34070011814101,25.329857999584785,26.57933796368026,27.21454247948348,27.945070127855477,25.316498301330657,6.869722126
2026/11/2,15.597890559142115,8.7,63.37513335,29.568384833009045,17.773761975579056,25.03501021903077,26.330944927417715,27.42761489349466,25.190741528903484,26.48218026044458,27.148145586178984,27.85057542139521,25.202823933024973,6.641736822843633
2026/11/3,15.545183029805496,4.5,65.85502207504153,29.454323618736076,17.633430532954584,24.909948769029107,26.21212025862727,27.41157760771188,24.962458518256305,26.383572554249223,27.06661451790404,27.75493549609564,25.0875296,7.124447500509739
2026/11/4,15.491971327945093,8.7,76.00327192283297,29.33849015474537,18.46392258928792,24.783192465357928,26.091820501913052,27.46054032192909,24.915551817855143,26.283552250439747,27.007298959960707,27.658195546213445,24.97067518428521,7.019561907596137
2026/11/5,15.438297926692035,4.4,62.59454234090522,29.22094415306268,19.22166436165116,24.65481500691948,25.97011299448607,27.514497709605923,25.173099549809063,26.182159334278087,26.950528450089458,27.560402558750383,24.85232239929455,6.514747451559458
2026/11/6,15.38420741,2.2,50.91015971612846,29.10174891414554,19.69952723957925,24.52489322104164,25.847068076473235,27.46647107690393,25.27491964,26.079436345718623,26.88978581730653,27.46160525581212,24.73253467235052,6.824927108839757
2026/11/7,15.32974642208605,0,3.2184567010473364,28.98097125937981,20.13354451212438,24.39350696257371,25.72275900274843,27.555375199176783,25.19135963816356,25.97542834899416,26.83706179659728,27.361854033807106,24.61137707415427,6.722810477885629
2026/11/8,15.274963539390036,7.2,18.371300910196517,28.85868145583668,19.074186884130228,24.26073900680532,25.59726184864599,26.943700118141013,24.80937116324941,25.87018289704992,26.772889314705598,27.26120089961941,24.48891622700297,6.818718674143455
2026/11/9,15.219909232794048,9.1,43.03974327326328,28.73495313342649,18.441681774329403,24.126674936430728,25.470655409747824,27.016614893494665,24.782022152175628,25.763749990875628,26.70331754052024,27.159699403896298,24.365220214753013,6.443107582068843
2026/11/10,15.164635752740343,7.532044875,64.39999999999999,28.609863194603875,17.44032763268887,23.99140302,25.34302109594894,27.00657760771188,24.47247456311495,25.656182033797027,26.61192256386734,27.057404571596656,24.240358491472083,6.363479553581979
2026/11/11,15.10919703799446,5.5,6.107744533908733,28.48349172,17.10973849208123,23.8550141,25.214442820019613,27.046540321929097,24.50388185203168,25.547533780799945,26.535922545666605,26.954372829952497,24.114401788981056,6.518586339251282
2026/11/12,15.053648614766928,2.8,69.79999999999997,28.355921847747226,17.626659299139483,23.71760144381067,25.08500688089443,27.09149770960592,24.508787543449134,25.437862282971437,26.455830330944316,26.85066193400069,23.987422023486324,6.337898409295398
2026/11/13,14.998047491219058,1.7,63.21235145903074,28.227239693976458,17.99310746941513,23.57926062061281,24.954801841931182,27.054471076903933,24.43829921793366,25.32722682715354,26.365621906893164,26.74633088984665,23.8594922,6.3787158134732245
2026/11/14,14.942452047603547,0,40.619290207756315,28.097534202588054,18.40305638321831,23.440089365061745,24.82391840439375,27.144375199176785,24.199245506102027,25.21568887091645,26.278069943794534,26.64143988,23.730686325263083,6.496921514824064
2026/11/15,14.88692192,9.8,22.36436241084655,27.96689703665805,18.278332393673573,23.300187428368915,24.69244927642373,26.52370011814101,24.12878982,25.10331197296829,26.17474201235336,26.536050161738604,23.6010793,6.798854895727505
2026/11/16,14.831517894035157,9.8,47.108991603819426,27.83542244446104,18.24913721888009,23.159656432535225,24.56048903777648,26.59961489349466,24.19145746909772,24.990161719129624,26.06292548447127,26.430224026316196,23.470746828023568,6.241201772
2026/11/17,14.776301760523651,4.5,59.96142336993904,27.703207122803796,17.582965060318138,23.01859971917638,24.428134000606075,26.57957760771188,23.93656614733414,24.87630564401057,25.927578601325376,26.324024673121645,23.33976533557196,5.948035979995001
2026/11/18,14.721336213903614,0,58.01954917545738,27.570350074749907,17.622186418069347,22.87712219,24.295482066593078,26.63254032,23.894519488755357,24.761813148538817,25.807378730855213,26.217516145038537,23.20821185633305,6.078526306
2026/11/19,14.66668471318948,5.6,67.21266487,27.43695246203283,17.678205923325116,22.735330173758538,24.16263258071707,26.70249770960592,23.82046389548008,24.646755413495644,25.684304366733983,26.110763237545505,23.076163948108576,6.211401011887708
2026/11/20,14.61241135410136,4.8,81.47133904945196,27.303117452467344,17.490098093289333,22.59333121652528,24.029686181983138,26.650471076903933,23.63138427013093,24.531205309227143,25.553732995332133,26.003831410954877,22.94369959703303,6.2863418896413465
2026/11/21,14.558580736573232,0,61.742225798903924,27.168950062681727,17.34829277,22.45123397,23.89674465141844,26.726375199176783,23.615088363692013,24.41523730170588,25.42970779005448,25.896786701801226,22.81089712478172,6.172576079585137
2026/11/22,14.505257830267425,0,76.95546704816056,27.03455699650409,17.48311318829716,22.309147992506247,23.763910757660973,26.08970011814101,23.64794674480017,24.298927355127024,25.29487622174951,25.78969563356588,22.677835096761417,6.571762654518958
2026/11/23,14.452507838426069,7.3,72.51583432,26.90004647934677,17.570091145168742,22.167183606129857,23.63128810046752,26.147614893494666,23.468274300028757,24.18235283123087,25.157365671506795,25.682625126923583,22.544592231451748,6.1385524056814775
2026/11/24,14.400396060395195,7.4,67.66521692896642,26.765528088942432,16.54590637,22.02545170983564,23.498980952472422,26.10857760771188,23.137686624876817,24.065592385551188,25.00269802840396,25.57564240969788,22.41124731105961,6.079609947068896
2026/11/25,14.348987753161232,7.5,56.09170857890452,26.63111258279433,16.525998737548825,21.88406361986589,23.367094099532316,26.14654032,22.916415363336466,23.94872586079588,24.86981608132713,25.46881493,22.27787909364334,5.715509189065752
2026/11/26,14.298347992242691,4.7,42.22682245698913,26.49691172271097,16.278110434961015,21.743130898165656,23.23573267999466,26.17649770960592,22.85908798379548,23.83183418,24.74065924193311,25.36221024971339,22.144566226856867,5.755978790500033
2026/11/27,14.248541532282175,2.3,57.93449496781828,26.363038096802605,15.84905563587533,21.602765182396443,23.105002023229986,26.11647107690393,22.62098222539628,23.71499922268132,24.61027086315332,25.255895987576395,22.01138716345797,5.577920154763524
2026/11/28,14.19963266768519,0,83.35662289816753,26.229604939322943,16.148704495409216,21.46307801600987,22.975007487768817,26.159375199176782,22.561756334701123,23.598303735190203,24.49208940571453,25.14993969693018,21.87842007871741,5.972040239936978
2026/11/29,14.15168509,8.2,56.80265294,26.096725948744883,15.861817979152638,21.324180678737644,22.84585429938463,25.483700118141016,22.42829873479343,23.48183119053842,24.367925038631103,25.04440879342638,21.745742789859072,6.053793643819109
2026/11/30,14.104761767953388,9.1,76.47122837286716,25.96451510446293,15.90727217313892,21.186184017852742,22.717647389463657,25.50761489349466,22.490219306650893,23.365665682886227,24.244884553767744,24.939370463802643,21.61343267765365,5.7422287927577385
2026/12/1,14.058924773782746,6.061932315349795,74.66882701140666,25.83308648251873,15.295803332117512,21.04919828055388,22.590491234001064,25.43657760771188,22.39050434778517,23.249891805959013,24.10734379734939,24.83489157892296,21.481566610280915,6.166523063588427
2026/12/2,14.014235184048498,6.7,77.30327016491317,25.70255407074798,14.946615592936052,20.913332947821623,22.46448969356093,25.448540321929094,22.14775791,23.13459453262382,23.993037234327694,24.731038607964404,21.35022086956774,5.893341046448412
2026/12/3,13.970752927425668,2.9,24.509799904708746,25.573031583748765,14.644654462685086,20.778696570090457,22.339745854534566,25.453497709605923,22.10719092806124,23.019859093443458,23.88269875636537,24.627877533916777,21.21947107970106,5.645613649232599
2026/12/4,13.92853665651498,5.879424122417435,59.17896309985888,25.44463227807145,13.82793339052926,20.64539660507565,22.21636187202772,25.39247107690393,21.688194165125704,22.90577085,23.77023253,24.525473770557756,21.089392138506906,5.705420517541844
2026/12/5,13.887643618436256,0,70.02221880366783,25.31746876802988,14.81411487113158,20.51353925808801,22.09443881470325,25.455375199176785,21.81665898,22.792415194418812,23.66806280916348,24.423892081061243,20.96005815137813,5.996853738307157
2026/12/6,13.848129528181854,8.8,86.26501280482009,25.19165284253184,14.563191558706356,20.38322932516257,21.974076511899927,24.80870011814101,21.55045161485908,22.67987738179401,23.55716132290523,24.32319649839179,20.83154236792535,5.955795310240078
2026/12/7,13.810048445048784,9.8,83.15993881716669,25.067295283324707,15.276995010188037,20.254570039320047,21.855373403342515,24.87661489349466,21.178015906583656,22.568242451679527,23.444012571756183,24.223450247632552,20.70391712141665,5.765093796018202
2026/12/8,13.773452652460705,7.8,56.292174480526135,24.94450568504792,14.772015274152835,20.12766292027136,21.738426391751133,24.85657760771188,21.153640595471483,22.45759508298114,23.312614368016938,24.124715670388703,20.57725377106355,5.782785185904378
2026/12/9,13.738392541482668,8.8,79.39999999999999,24.82339227748048,14.744079995965858,20.002607627866592,21.62333069865061,24.907540321929098,21.168334911085022,22.348019476047405,23.200582015494383,24.027054151402208,20.45162264720158,5.597797525162662
2026/12/10,13.704916498322616,8.7,85.89893698785627,24.70406175036534,14.829164846892834,19.87950181958017,21.51017972367226,24.95249770960592,20.92849489654457,22.23959923102425,23.088789798618123,23.93052604750748,20.327092999405664,5.797478207173113
2026/12/11,13.6730708,7.2,72.53898999,24.586619081187184,14.036163775765376,19.75844101231337,21.39906490763149,24.91847107690393,20.71889013750173,22.132417227173995,22.971528887444485,23.83519061905121,20.20373294757134,5.821021929883946
2026/12/12,13.64289949118161,0,54.64925184546249,24.47116736627201,14.421425203906503,19.63951844878455,21.29007559965536,24.997375199176783,20.76540746124392,22.026555503402424,22.861831625813835,23.741105963892505,20.08160943598478,5.909559581505174
2026/12/13,13.614444324267362,10.1,85.08760472243347,24.35780765556961,13.447351434429413,19.52282496876577,21.183298928623728,24.373700118141016,20.429929728790995,21.92209514,22.74146247871293,23.64832895409259,19.96078819039544,5.750799839138177
2026/12/14,13.587744626609307,8.374090199713581,79.33288203055947,24.24663879147061,14.226389810818263,19.40844888541196,21.078819679177037,24.44961489349466,20.32224841526556,21.819116143475547,22.61783823204853,23.55691517539614,19.84133367809718,5.530169116621832
2026/12/15,13.562837231468851,5.7,78.90538956617401,24.137757252000057,14.309447143565803,19.296475866916445,20.97672017253224,24.41757760771188,20.144263501864074,21.71769732979124,22.47597737421628,23.466918869598683,19.72330907101496,5.855894756781299
2026/12/16,13.53975639111659,7.9,32.54550104252707,24.03125699871913,13.43891863872745,19.18698882371301,20.87708015,24.444540321929097,20.15417337253195,21.61791621443418,22.354549950000575,23.37839287988686,19.606776211786045,5.615079941844365
2026/12/17,13.518533699558985,5.1,44.900416634805794,23.92722932965471,12.74815687237662,19.080067801430975,20.779976675776552,24.48849770960592,19.90377618952385,21.519848901340588,22.23546450437321,23.29138859923064,19.49179558281667,5.559993352358337
2026/12/18,13.49919802119223,6.6,6.228543508015063,23.825762737564887,12.43011956751564,18.97578988,20.685484010145785,24.43347107690393,19.64281838801154,21.42356997581424,22.113974091793427,23.205955921898436,19.37842628,5.662922529435848
2026/12/19,13.481775425564964,0,70.42508644332209,23.726942773835088,12.55601678354075,18.87422907765116,20.593673535063573,24.484375199176785,19.270478352662597,21.329152400009008,22.00395394326136,23.122143198158145,19.26672597906835,5.400978961269196
2026/12/20,13.46628912841611,9.9,83.02251387070045,23.63085192,12.37850357097847,18.77545626,20.50461365052029,23.81070011814101,19.284156921044115,21.236667411414498,21.88785331062448,23.03999719221875,19.15675093051409,5.637328881827745
2026/12/21,13.45275943913836,7.2,65.48782534240301,23.53756945516236,12.783122694191066,18.679539077091054,20.418369690913043,23.836614893494662,19.384694244805424,21.146184424542117,21.773585830821258,22.95956304345914,19.04855592306763,5.133113630602312
2026/12/22,13.441203714801755,4.9,69.07401426913226,23.447171355548463,13.978358396741283,18.58654184602972,20.33500384521972,23.76857760771188,19.538926115695123,21.05777093600144,21.646459514338368,22.88088423098209,18.942194275637483,5.427880145921685
2026/12/23,13.431636320855134,6.1,46.488394561604395,23.359730166457517,14.23649487428296,18.496525524457308,20.254575083444863,23.788540321929094,19.687177313051382,20.971492433148587,21.54521820387643,22.804002541523325,18.83771782167144,5.390070467076503
2026/12/24,13.42406859860646,2.3,43.819252836733476,23.275314906804976,14.074221492945366,18.409547626966745,20.177139089455945,23.805497709605923,19.68603562116181,20.88741230647991,21.45163104937024,22.728958040737023,18.735176897861106,5.328516399
2026/12/25,13.418508839566018,0,21.952718907518857,23.19399097047637,13.23084289473114,18.32566217399729,20.10274820031268,23.746471076903934,19.254538345378517,20.805591765935468,21.360611306065536,22.65578904787082,18.634620335399934,5.207328647830545
2026/12/26,13.414962266719002,0,29.43087702335271,23.11582003667432,12.921580303800468,18.24491964338808,20.03145135217713,23.793375199176783,19.03428358969135,20.72608976126765,21.285515845006124,22.584532113834964,18.53609545371247,5.202399230702411
2026/12/27,13.413431022776615,9.6,3.7,23.040859987714903,12.369139863395796,18.16736692891029,19.963294032876288,23.131700118141016,18.77634758228336,20.64896290662059,21.208126251334107,22.515222002662107,18.43964805656668,5.445451946121294
2026/12/28,13.413914165437184,7.1,18.856222002199097,22.969164834425065,12.945646040514134,18.093047305811243,19.89831824117288,23.16661489349466,18.935602271046577,20.57426540945626,21.13557388350444,22.447891676345847,18.34532243047622,5.599796457810047
2026/12/29,13.416407669670994,5.6,60.07425791727514,22.90078465,13.262755730325065,18.02200040338714,19.836562452784698,23.11157760771188,19.01021741545938,20.502049003953136,21.052307833568264,22.382572283038154,18.25316135,5.714417837013046
2026/12/30,13.420904437024909,8.7,53.827418517253115,22.835765507359323,13.012577483968364,17.954262184584948,19.77806159317637,23.109540321929096,18.83669995605903,20.43236288899248,20.99617541364025,22.319293148577756,18.163206056897263,5.585460188821847
2026/12/31,13.427394311925022,7.9,67.61557626933744,22.77414943532768,12.176275894799874,17.889864932616923,19.72284701713186,23.12849770960592,18.81543243617624,20.36525367083707,20.94804957299417,22.25808177131364,18.075496311849037,5.365055426488228
2027/1/1,13.4358641,3.4,50.56521693,22.71597436833565,10.747686378485716,17.828837244555224,19.67094649510003,23.09047107690393,18.47999905280281,20.300765310596194,20.901982615719746,22.19896382018023,17.99007035393931,5.692067274032997
2027/1/2,13.446297622933406,0,77.15866213673385,22.66127411508154,11.304710095574489,17.771204031857803,19.622384206289787,23.154375199176783,18.547759266201687,20.238939076559262,20.87053598447905,22.14196313597317,17.906964932478285,5.652542254256888
2027/1/3,13.458675706074708,9.8,48.059769510055794,22.61007833096424,12.049982573969784,17.71698652776059,19.577180738475693,22.509700118141016,18.58370665264268,20.17981350146994,20.834785758928344,22.087101735767263,17.826215312233156,5.593549047210495
2027/1/4,13.47297627154365,7.9,86.94054390300214,22.562412499384283,13.29277759608025,17.66620230145535,19.53535309445945,22.577614893494665,18.623022322987666,20.123424344800544,20.801265467402377,22.034399820411192,17.747855284886388,5.865845550704939
2027/1/5,13.489174363892916,3.2,61.82320049877597,22.51829792,14.07774795475787,17.618865278957077,19.49691470511748,22.57157760771188,18.71398728188476,20.06980456007559,20.753944853839567,21.98387578502645,17.671917181894504,5.925582518139283
2027/1/6,13.507242211899358,7.9,50.51521692896639,22.477751712242632,13.431632213973565,17.57498577054946,19.46187544894938,22.60654032,18.678350174957732,20.01898427,20.73031439510085,21.935546232431545,17.59843188862432,5.403906254721918
2027/1/7,13.527149291776771,2,43.28532179769323,22.440786809088703,12.23275500389481,17.53457050468235,19.43024167802797,22.68149770960592,18.67264598007128,19.97099073038689,20.711010572570554,21.88942599,17.52742885964224,5.6714996788886936
2027/1/8,13.548862396590106,4.2,29.10139097014452,22.40741198,11.470258483713256,17.497622668180522,19.40201625023648,22.670471076903933,18.170059877291173,19.92584833999125,20.689962230608224,21.845528125702028,17.458936135031475,5.7932329060713394
2027/1/9,13.57234571169764,0,69.43214118055712,22.37763185984124,12.188155082279543,17.464141952609143,19.377198567664745,22.753375199176784,18.174330077663782,19.883578601097497,20.67970902467279,21.803863975708424,17.39298036,5.859620161768068
2027/1/10,13.5975609,8.4,70.98202509395975,22.351446953169667,12.053441643945412,17.43412460662777,19.35578462102253,22.14570011814101,18.407476646180108,19.84420012600599,20.661393015106192,21.76444316266045,17.329586790935448,5.9855929685398905
2027/1/11,13.624467169018828,6.8,3.7,22.328853697926696,12.578812162989497,17.40756349415155,19.33776703991471,22.23861489349466,18.411969754756534,19.80772863230517,20.64168646970981,21.72727362529105,17.268779337936234,5.709302433361045
2027/1/12,13.653021402909069,2.6,27.990208837702678,22.309844497128623,11.85195800181236,17.38444815812604,19.32313514881024,22.23457760771188,18.390342239634585,19.774176945928115,20.604755924978555,21.69236164680842,17.21058056010417,5.928988495305772
2027/1/13,13.683178220304312,5.2,53.16855374874624,22.29440777,11.329333136408737,17.36476488970976,19.31187502852462,22.308540321929097,18.26523447242102,19.743555009231123,20.58833354576249,21.659711886083105,17.155011697065977,5.715540011798254
2027/1/14,13.714890096620383,7.739291462697371,77.76896989265784,22.28252803110764,11.977102805060836,17.34849680264744,19.303969583023445,22.380497709605923,18.112430288768188,19.71586989404025,20.57333178,21.629327410923157,17.102092686448152,5.928564670060365
2027/1/15,13.74810746723902,6.9,50.58296546,22.274185918315343,12.388968723565622,17.33562391260606,19.299398611343687,22.368471076903933,18.16103343288888,19.69112581959985,20.553982277602785,21.60120973331167,17.05184218390405,6.195376582257795
2027/1/16,13.782778839077178,0,79.23842335,22.269358305432625,12.162719081706276,17.326123221235765,19.29813888441844,22.484375199176785,18.309138558253103,19.66932417534736,20.54315044185197,21.57535884647823,17.00427758318798,5.999858681242777
2027/1/17,13.818850906295076,0,35.180337133468086,22.26801836327642,11.505373283491837,17.319968804707983,19.30016422658068,21.90370011814101,18.298393804217163,19.65046354842728,20.52232644011132,21.55177326367227,16.959415036162486,6.250098457867302
2027/1/18,13.856268669853367,8.6,69.20000000000003,22.27013565056093,11.806131991892832,17.31713190647469,19.30544560151224,22.025614893494662,18.07292564699745,19.63453975584769,20.49855538517505,21.530450058503828,16.917269472628007,5.849645501351613
2027/1/19,13.894975560620368,5.8,67.87561454229062,22.275676207160554,12.003029082737005,17.317581033984354,19.31395120239525,22.03757760771188,18.21296804289945,19.621545881172235,20.456405844633966,21.51138490671519,16.877854619867666,6.121864072676301
2027/1/20,13.934913565721551,6.9,70.61645810944366,22.28460265337912,12.03563269440033,17.321282059082858,19.32564654601514,22.119540321929097,18.243243574159564,19.61147231563113,20.434046659106095,21.49457212924461,16.84118302180406,6.019861071580495
2027/1/21,13.97602335781542,0,3.7718619721335767,22.29687429495772,12.226571392276744,17.328198321821137,19.34049457055669,22.209497709605923,18.330784898787243,19.6043068,20.412866795157004,21.48000473644215,16.807266057668848,5.844071125906503
2027/1/22,14.018244426972956,1.2,24.545990704614823,22.312447233541143,12.64919488148276,17.33829073738521,19.358455736827853,22.20947107690393,18.427338026127817,19.60003449178885,20.387617890054965,21.46767447329655,16.776113960090743,6.100873663390992
2027/1/23,14.061515214831276,0,0.8,22.33127448231151,12.585376592681731,17.35151790585947,19.379488132640027,22.350375199176785,18.50119547516813,19.59863798356633,20.371729482186343,21.457571865531264,16.74773583251228,6.252241308145441
2027/1/24,14.105773250686983,9.5,56.43009609370537,22.35330609,11.993155041562655,17.367836224529395,19.40354758006788,21.768700118141016,18.43052154401481,19.600097395653343,20.34729673719401,21.449686266427644,16.72213966585076,6.080253142
2027/1/25,14.150955289189843,8.1,0,22.37848925,12.620105589248354,17.38720000242666,19.430587745307378,21.859614893494665,18.398191690777946,19.60439041964088,20.322002369032692,21.444005904233396,16.699332354324465,5.984455672239074
2027/1/26,14.196997449293876,3.3,9.579305508645461,22.406768456637124,12.712997926861572,17.409561576816603,19.46056025084668,21.84557760771188,18.24191554161049,19.611492386596744,20.28107145661997,21.440517930014817,16.679319710370468,6.194264160863995
2027/1/27,14.243835354120172,3.0601114422294247,73.61582652409038,22.438085619510527,12.83252494395473,17.434871431326137,19.49341478966123,21.884540321929094,18.07529408008942,19.62137633511029,20.26332899839131,21.43920847,16.662106478586658,6.303261301
2027/1/28,14.291404271383684,3.5,48.75726412585946,22.472380201515307,13.294031389898745,17.46307831540906,19.529099241142497,21.95749770960592,18.17398609,19.63401308252037,20.25079528312871,21.440062652961203,16.647696348636437,6.302995151740129
2027/1/29,14.339639254035411,4.3,43.03760792581148,22.50958936,13.177712495131376,17.494129364845232,19.56755978846737,21.94247107690393,18.23102752,19.649371299140277,20.238799555270525,21.443064700436476,16.63609196706086,6.497904147787819
2027/1/30,14.388475280771074,0,40.95133336485415,22.549648105189817,13.13168223951984,17.52797022,19.608741037115323,22.051375199176785,18.367755022371185,19.667417585288227,20.24126323884892,21.448197933092683,16.62729494794955,6.303726496
2027/1/31,14.437847396058418,9.112764269907435,50.51521692896639,22.59248941111357,12.014137973110795,17.56454516233616,19.65258613423928,21.46570011814101,18.417890539268924,19.688116550926672,20.240654193944103,21.45544483965941,16.621305882428157,6.502264748595651
2027/2/1,14.487690849336762,6.9,40.936940652749165,22.63804439754488,11.90586636182938,17.603797206495994,19.699036888597824,21.54361489349466,18.43897247740821,19.71143089770946,20.244875676038887,21.46478712036615,16.618124346926972,6.462651980031241
2027/2/2,14.53794123304511,6.7,48.124064075540694,22.686242462098637,12.27350801034029,17.645668251627264,19.748033890756872,21.54257760771188,18.32621286,19.73732150323179,20.23919086547664,21.47620573,16.617748910202117,6.319073199548948
2027/2/3,14.588534619138589,5.8,46.474665743379724,22.737011434418264,12.81466406279842,17.690099187688432,19.79951663327175,21.608540321929095,18.65150449707623,19.765747507274646,20.26225503960808,21.489680944749782,16.620177139087556,6.728807794772156
2027/2/4,14.639407693757304,4.8,41.984293351713056,22.79027772799005,13.098078844839073,17.737030018826477,19.853423630563025,21.697497709605923,18.679603128751545,19.796666399832368,20.295692616636423,21.505192367286423,16.62540560296324,6.507164820360663
2027/2/5,14.690497889717031,6.9,57.91463101881185,22.845966492662843,13.23505247115449,17.786399982748577,19.90969253820341,21.70047107690393,18.88569148256588,19.830034110709708,20.334201473934677,21.522719012347835,16.633429876931704,6.686151090214955
2027/2/6,14.74174351649704,0,67.71465032553259,22.904001767509605,13.058560943406183,17.838147668779698,19.96826027133711,21.856375199176785,18.88014731332176,19.865805100473143,20.390837363244767,21.54223933033327,16.644244543702335,6.446896581831384
2027/2/7,14.793083887407446,9.9,60.93772352095074,22.96430663366867,12.255521644609562,17.892211134333724,20.02906312195816,21.280700118141016,19.021007057427376,19.90393245253951,20.44698096369544,21.56373125423105,16.65784319418974,6.796621315373866
2027/2/8,14.84445944362613,9.9,71.64570900450877,23.02680336680552,12.27830233926606,17.948528019533057,20.09203687477995,21.412614893494663,19.27289189259886,19.944367966184963,20.509251717769484,21.58717224130132,16.67421842683941,6.915232550002445
2027/2/9,14.895811874803732,7.9,67.76094190724547,23.09141358883908,12.591253973609184,18.00703565971911,20.157116921434568,21.43957760771188,19.362136416603416,19.98706225025649,20.561469129906342,21.61253931348565,16.693361845701002,7.015606640639658
2027/2/10,14.947084235944647,9.2,70.63186691418487,23.15805841858109,13.29374047587211,18.06767119560473,20.224238372747447,21.546540321929097,19.346407744083365,20.031964817369108,20.640732717295943,21.63980909645291,16.715264057276322,6.658659350918692
2027/2/11,14.998221060281876,8.6,62.46962751411013,23.22665862094237,13.746785831819585,18.130371680828446,20.293336168840668,21.66149770960592,19.45566476972388,20.07902417837253,20.727056270385795,21.668957857196062,16.73991466617582,6.607169355326495
2027/2/12,15.049168467874448,2.7,70.83233791817969,23.297134754365768,13.513858979856462,18.19507418667992,20.36434518682632,21.67547107690393,19.477940405356183,20.12818793687264,20.813536614500308,21.699961540100997,16.767302269624114,7.165803081106837
2027/2/13,15.099874269667442,0,66.22928015221501,23.36940731615289,13.641653739196697,18.261715903776416,20.437200345860298,21.843375199176783,19.51971485804438,20.179402883595163,20.911706932583733,21.73279580141408,16.79741445086158,7.227834144564838
2027/2/14,15.15028807,9.6,55.79677054226465,23.443396885359004,13.730945419105526,18.33023424048021,20.511836709336112,21.310700118141018,19.72689789529569,20.232615090381454,21.001574002049463,21.767436042041904,16.830237771495284,7.306276361600057
2027/2/15,15.20036134469521,8.3,57.60367872524804,23.51902426,13.63778713630835,18.400566917858608,20.58818958400831,21.444614893494663,19.71893844957553,20.287770003609378,21.088600033459137,21.80385743862264,16.86575776285877,7.371929477998179
2027/2/16,15.25004756240326,7.4,47.036038518649256,23.596210608841684,13.272054185430218,18.47265206099927,20.66619461584551,21.49557760771188,19.76350401997459,20.344812536835686,21.15572624259606,21.84203497281529,16.903958916446168,7.224203761046926
2027/2/17,15.299302235835114,9.4,62.08647572622572,23.67487757574061,13.391607136049863,18.546428286506007,20.74578788242377,21.634540321929094,19.47029498,20.403687162460574,21.239505898495786,21.881943458759697,16.94482467349176,7.087152847443989
2027/2/18,15.348083015848411,8.1,50.33118175042601,23.75494743913944,13.393377716089372,18.621834786012226,20.82690598168237,21.77749770960592,19.55110492419389,20.464338002219502,21.31977935339833,21.92355756866683,16.988337413771724,6.994256356487323
2027/2/19,15.396349760314177,1.1,8.601023636445264,23.83634322355252,13.56723989732509,18.69881140556233,20.909486116875858,21.827471076903933,19.66537078464105,20.526708916312195,21.389868575627084,21.96685185650596,17.034478443709926,7.384361484066916
2027/2/20,15.44406460023235,0,10.370438155021496,23.918988824512574,13.522361049369746,18.77729872072417,20.99346617756808,22.036375199176785,19.63787727535209,20.590743590984623,21.461939222402595,22.01180077976177,17.083227983874604,7.497619312423602
2027/2/21,15.49119199971586,8.8,29.176982955444263,24.002809126150616,12.817765173947992,18.85723810730918,21.07878481652647,21.508700118141014,19.742707312882885,20.65638562438517,21.517028366622156,22.058378719242015,17.134565155957524,7.342305513450598
2027/2/22,15.53769880971216,6.4,15.605927904149226,24.08773011411243,13.77536222007338,18.93857181,21.165381522387424,21.67761489349466,19.68701713083778,20.723578610522694,21.56199820885718,22.106559996922503,17.18846796933145,7.270821874649444
2027/2/23,15.58355431534751,0,27.998483680219653,24.17367898358863,14.525487472453923,19.021242991922296,21.25319668797665,21.74857760771188,19.760238271132124,20.79226622116106,21.581513485597167,22.15631889182376,17.24491330728587,6.864794925243968
2027/2/24,15.62873028,7,26.471518859609517,24.26058424225048,14.702673721950616,19.10519581568056,21.34217167418148,21.895540321929097,20.472884229207928,20.86239229,21.61411183587989,22.207629653920357,17.303876913044515,7.347758507778983
2027/2/25,15.673200963593604,6.8,16.94855767146062,24.348375807897774,14.928302032611075,19.19037547145377,21.432248869285484,22.043497709605923,20.74491411241728,20.93390086743109,21.641802045167196,22.26046651609048,17.365333375671764,7.306385939574241
2027/2/26,15.716943182329413,0.9,50.930903837898796,24.43698510064111,14.769920752643264,19.27672823643342,21.523371743689356,22.10147107690393,20.74843274,21.006736340406245,21.66017089709209,22.314803704120628,17.429256115977758,7.438492855028921
2027/2/27,15.759936297674477,0,6.105145210805006,24.52634512945595,14.693776152219913,19.364201514962744,21.61548489995548,22.304375199176786,20.661266809443045,21.08084345948215,21.68365053404146,22.37061544478663,17.495617372534817,7.059057563946749
2027/2/28,15.802162246712191,9.8,43.20702802225158,24.616390572962604,13.98986675670434,19.45274387621929,21.70853411812751,21.80270011814101,20.27955863,21.156167430715158,21.69544877733781,22.427875972038706,17.56438818791994,7.644824943284467
