category,file,MAE,MAPE(%),MASE_lag1,MASE_lastValue,R2,RMSSE,SMAPE(%),last_value_index,last_value_value,nMAE,nRMSE
120,260505_080432/120/forecast_Wh_metrics_120d.json,[0.5785624832224348],[10.375911512286327],[0.7090109300985403],[0.5371412809590143],[-0.11598083877355769],[0.5682145656580768],[10.715461853475135],"[""2025-10-31T00:00:00""]",[6.54126],[0.10583453605621608],[0.12660026332555954]
30,260505_080432/30/forecast_Wh_metrics_30d.json,[0.5801925181983705],[10.133306180031958],[0.811566823724235],[0.7803359417771643],[-1.0160835674970086],[0.657976055909308],[10.916696842606607],"[""2026-01-29T00:00:00""]",[4.72749],[0.10624898430650102],[0.12898230447110118]
60,260505_080432/60/forecast_Wh_metrics_60d.json,[0.7971507139640778],[14.249251716880403],[1.08458286121643],[1.067610180286309],[-2.46979990718006],[0.8518949268083874],[15.712552369805765],"[""2025-12-30T00:00:00""]",[4.57906],[0.14978124497682485],[0.17761934451368336]
90,260505_080432/90/forecast_Wh_metrics_90d.json,[0.5892889629629633],[11.92444399187223],[0.7685772218403817],[0.8826268624790218],[-0.5928827130139878],[0.6127150388923672],[11.030987050473765],"[""2025-11-30T00:00:00""]",[5.85374],[0.11158557252057019],[0.13424500171770137]
120,260505_111849/120/forecast_Wh_metrics_120d.json,[1.003567224280931],[19.873261670060238],[1.2298414635196349],[0.9317185265389825],[-2.1896557165168073],[0.9606294524758268],[17.452505372909968],"[""2025-10-31T00:00:00""]",[6.54126],[0.1835792583567201],[0.21403172145169921]
30,260505_111849/30/forecast_Wh_metrics_30d.json,[0.6548471848650372],[11.635248675487018],[0.915992938854081],[0.8807435096001532],[-1.3922535632809163],[0.7167363485917112],[12.477301725209374],"[""2026-01-29T00:00:00""]",[4.72749],[0.11992027833094716],[0.14050101840226192]
60,260505_111849/60/forecast_Wh_metrics_60d.json,[0.433018],[8.289263811397369],[0.589153209262985],[0.5799335269340917],[-0.010652399106630739],[0.4597637453900714],[8.14299972332906],"[""2025-12-30T00:00:00""]",[4.57906],[0.0813622493227767],[0.09586033736964433]
90,260505_111849/90/forecast_Wh_metrics_90d.json,[0.5580269679012346],[11.22551437357118],[0.7278039190571065],[0.8358031845376745],[-0.4100613438899263],[0.5764818572579259],[10.485080210456985],"[""2025-11-30T00:00:00""]",[5.85374],[0.10566591707757918],[0.12630636267344605]
120,260505_133938/120/forecast_Wh_metrics_120d.json,[0.693318769000519],[12.799738856402785],[0.8496413084476534],[0.6436817845838243],[-0.6122434363321458],[0.6829663432861167],[13.018408832355007],"[""2025-10-31T00:00:00""]",[6.54126],[0.1268265267522128],[0.15216737501682845]
30,260505_133938/30/forecast_Wh_metrics_30d.json,[0.5391516222222226],[9.299452649832505],[0.7541592761509119],[0.7251375632934619],[-0.9166553827740647],[0.6415460588573051],[9.984994808180438],"[""2026-01-29T00:00:00""]",[4.72749],[0.09873328326637905],[0.1257615506713416]
60,260505_133938/60/forecast_Wh_metrics_60d.json,[0.7082285333333331],[12.549375329202745],[0.9635976178933673],[0.9485182399146429],[-1.8953031119083739],[0.7781813800040478],[13.776866399057445],"[""2025-12-30T00:00:00""]",[4.57906],[0.1330731436258334],[0.1622501347048891]
90,260505_133938/90/forecast_Wh_metrics_90d.json,[3.9307605183767667],[74.62195716484851],[5.126675008036336],[5.887425425460326],[-486.5137783470007],[10.71914356918213],[27.215198116703622],"[""2025-11-30T00:00:00""]",[5.85374],[0.7443142336807889],[2.3485492529422367]
120,260505_164036/120/forecast_Wh_metrics_120d.json,[0.5441997246981961],[9.882427542358418],[0.6669004025608342],[0.5052386660016968],[0.09277993067755574],[0.5123188292998898],[9.979176864561703],"[""2025-10-31T00:00:00""]",[6.54126],[0.09954866942731062],[0.11414649080825881]
30,260505_164036/30/forecast_Wh_metrics_30d.json,[0.6948039854130632],[12.212553338210586],[0.9718840658331729],[0.9344838226997884],[-1.6476782769624903],[0.7540296627609808],[13.238075490694257],"[""2026-01-29T00:00:00""]",[4.72749],[0.12723745209862697],[0.14781158473627481]
60,260505_164036/60/forecast_Wh_metrics_60d.json,[0.9942511666666668],[17.943144149375716],[1.3527526930869702],[1.3315834116441707],[-3.8383989956095155],[1.0059691352671323],[20.112784342616724],"[""2025-12-30T00:00:00""]",[4.57906],[0.1868155857534674],[0.20974368174319982]
90,260505_164036/90/forecast_Wh_metrics_90d.json,[0.4772204197530864],[9.093412539641445],[0.6224123774101298],[0.7147725280306348],[-0.0001238313438221006],[0.48550480062294243],[9.029961555473493],"[""2025-11-30T00:00:00""]",[5.85374],[0.0903646888088786],[0.10637341774963098]
120,260505_192213/120/forecast_Wh_metrics_120d.json,[0.7509890247065216],[14.330456726000396],[0.9203144730977253],[0.697223235890211],[-0.7166829563312962],[0.7047401929448242],[13.575802279452182],"[""2025-10-31T00:00:00""]",[6.54126],[0.13737595733902389],[0.15701866758658328]
30,260505_192213/30/forecast_Wh_metrics_30d.json,[0.6916519333333336],[11.990733278586],[0.9674750105380392],[0.930244437580166],[-1.8661095364364892],[0.7845167433920066],[13.092853473817566],"[""2026-01-29T00:00:00""]",[4.72749],[0.1266602258824179],[0.1537879327827879]
60,260505_192213/60/forecast_Wh_metrics_60d.json,[0.7695533384195384],[13.988280998711955],[1.0470345783060173],[1.030649491969266],[-2.4327640356619082],[0.8473362612583759],[15.205084601419433],"[""2025-12-30T00:00:00""]",[4.57906],[0.14459581492609],[0.17666886674774135]
90,260505_192213/90/forecast_Wh_metrics_90d.json,[0.48190940740740745],[9.331166611200139],[0.6285279664184182],[0.7217956130053256],[-0.02041729694134231],[0.49040574181317326],[9.117206279637704],"[""2025-11-30T00:00:00""]",[5.85374],[0.0912525781209718],[0.10744720705907938]
120,260505_233113/120/forecast_Wh_metrics_120d.json,[0.7242234630904878],[13.997552345572023],[0.8875140819795581],[0.6723739093802228],[-0.7659844028222098],[0.7147882834708017],[13.025509192302717],"[""2025-10-31T00:00:00""]",[6.54126],[0.13247982100446667],[0.15925741855037553]
30,260505_233113/30/forecast_Wh_metrics_30d.json,[0.6829588666666672],[11.8323356972662],[0.9553152458361486],[0.918552607452247],[-1.815162772789784],[0.7775128586494013],[12.912457355128973],"[""2026-01-29T00:00:00""]",[4.72749],[0.12506828962872388],[0.15241496915251906]
60,260505_233113/60/forecast_Wh_metrics_60d.json,[0.973964166666667],[17.558498652972222],[1.3251507200597101],[1.304413383005842],[-3.6833573610045685],[0.9897202706794606],[19.650779615343303],"[""2025-12-30T00:00:00""]",[4.57906],[0.18300374432421698],[0.20635580773863607]
90,260505_233113/90/forecast_Wh_metrics_90d.json,[0.5496824530035517],[10.359904447281378],[0.7169206266814611],[0.8233049137979352],[-0.5616318326109466],[0.6066748160623847],[10.16897126546223],"[""2025-11-30T00:00:00""]",[5.85374],[0.10408583068399964],[0.13292159740620912]
120,260506_050103/120/forecast_Wh_metrics_120d.json,[0.8138907964469466],[14.539794545362458],[0.9973987033750255],[0.7556216616904086],[-1.1260974949900806],[0.7842880200073589],[15.745561134497422],"[""2025-10-31T00:00:00""]",[6.54126],[0.14888237198275123],[0.17474221158167522]
30,260506_050103/30/forecast_Wh_metrics_30d.json,[0.6129895181983704],[10.794814428054684],[0.8574429015480847],[0.8244466069093805],[-1.1689461498121272],[0.6824647264710635],[11.518010097317298],"[""2026-01-29T00:00:00""]",[4.72749],[0.11225500442741008],[0.1337827909540382]
60,260506_050103/60/forecast_Wh_metrics_60d.json,[1.1774046049072315],[21.237135826069224],[1.6019465740041112],[1.5768776474702935],[-7.955994621788152],[1.368644726776602],[25.725608220848024],"[""2025-12-30T00:00:00""]",[4.57906],[0.22122934154757437],[0.28536122424502725]
90,260506_050103/90/forecast_Wh_metrics_90d.json,[0.6997418666666667],[14.243603154842626],[0.9126348764177863],[1.0480613198927853],[-1.215843248805483],[0.7226635628868218],[12.915447290956338],"[""2025-11-30T00:00:00""]",[5.85374],[0.13250052472732274],[0.1583345684095467]
120,260506_091730/120/forecast_Wh_metrics_120d.json,[0.8119876947370599],[16.086780386710277],[0.9950665094417384],[0.7538548093280668],[-1.4171592747052095],[0.8362509565682833],[14.27342588903206],"[""2025-10-31T00:00:00""]",[6.54126],[0.14853424383345984],[0.18631974205938034]
30,260506_091730/30/forecast_Wh_metrics_30d.json,[0.5904741848650373],[10.330025165867466],[0.8259487043888961],[0.7941643759429237],[-1.2467835882257652],[0.6946026665650734],[11.20175134042324],"[""2026-01-29T00:00:00""]",[4.72749],[0.10813183630139328],[0.13616217766696953]
60,260506_091730/60/forecast_Wh_metrics_60d.json,[0.5785057034727442],[10.809870448278822],[0.787100055373929],[0.7747826948681957],[-1.0665545423004925],[0.6574417083665685],[11.12466581976339],"[""2025-12-30T00:00:00""]",[4.57906],[0.1086987729854134],[0.1370760191441914]
90,260506_091730/90/forecast_Wh_metrics_90d.json,[0.5253426666666665],[10.461945442152526],[0.6851755804668972],[0.7868492008996013],[-0.2261397044805209],[0.5375719734222202],[9.905655085158624],"[""2025-11-30T00:00:00""]",[5.85374],[0.09947693901263063],[0.11778126194831524]
120,260506_122357/120/forecast_Wh_metrics_120d.json,[0.6366036208708482],[12.509452556831798],[0.7801385994193624],[0.5910270615425458],[-0.5975881970968804],[0.6798551863905838],[11.481890817910132],"[""2025-10-31T00:00:00""]",[6.54126],[0.11645181085941683],[0.15147419799176323]
30,260506_122357/30/forecast_Wh_metrics_30d.json,[0.5461057555555554],[9.414612147418858],[0.7638866402999928],[0.7344905970084794],[-0.9676794771486559],[0.6500294046298254],[10.12365800826817],"[""2026-01-29T00:00:00""]",[4.72749],[0.10000677366865614],[0.1274245313794354]
60,260506_122357/60/forecast_Wh_metrics_60d.json,[1.3966981666666667],[25.573618151992996],[1.9003117821046562],[1.8705737263979323],[-7.5746579239283935],[1.3391900629298257],[29.69832742585134],"[""2025-12-30T00:00:00""]",[4.57906],[0.26243367357707637],[0.2792199526859444]
90,260506_122357/90/forecast_Wh_metrics_90d.json,[0.612334213832978],[12.289926321944113],[0.7986338765607311],[0.9171436424441022],[-1.0209818629892653],[0.6901569226705085],[11.305212045040443],"[""2025-11-30T00:00:00""]",[5.85374],[0.11594933575699853],[0.15121240933937863]
120,260506_145350/120/forecast_Wh_metrics_120d.json,[0.5883052987545629],[11.13043379473096],[0.7209504576388301],[0.5461865760945144],[-0.154544676139851],[0.5779487979752611],[10.764753724124423],"[""2025-10-31T00:00:00""]",[6.54126],[0.10761675732293388],[0.1287690855436251]
30,260506_145350/30/forecast_Wh_metrics_30d.json,[0.5549987333333332],[9.561878644025514],[0.7763260384345507],[0.7464512996576179],[-1.0349428327487797],[0.6610463801087796],[10.301461373089941],"[""2026-01-29T00:00:00""]",[4.72749],[0.10163531906817835],[0.12958417666259597]
60,260506_145350/60/forecast_Wh_metrics_60d.json,[0.6782143777777777],[12.002859596560313],[0.9227611259487508],[0.9083207998791669],[-1.695587914607021],[0.7508627621384657],[13.135658155658989],"[""2025-12-30T00:00:00""]",[4.57906],[0.1274336108407674],[0.15655422685803336]
90,260506_145350/90/forecast_Wh_metrics_90d.json,[0.796665023997422],[15.716507492103366],[1.039046426056723],[1.1932311561413251],[-2.07695586540351],[0.8515835704510493],[14.448134660610384],"[""2025-11-30T00:00:00""]",[5.85374],[0.15085353433889656],[0.18658076042107657]
120,260506_181140/120/forecast_Wh_metrics_120d.json,[0.835576046347361],[14.794148402898239],[1.023973325213063],[0.7757543928079683],[-1.237237826547164],[0.804525974646595],[16.134727081455054],"[""2025-10-31T00:00:00""]",[6.54126],[0.15284918357013705],[0.17925130117801583]
30,260506_181140/30/forecast_Wh_metrics_30d.json,[0.4699517999999999],[8.276886094783844],[0.6573633365935364],[0.6320665450523616],[-0.30574383389960746],[0.5295229854126281],[8.63106381526956],"[""2026-01-29T00:00:00""]",[4.72749],[0.08606091918948178],[0.10380179387310723]
60,260506_181140/60/forecast_Wh_metrics_60d.json,[65.89549500431173],[1236.8163021003436],[89.65572414486984],[88.25269810243066],[-40287.43958133022],[91.79605973691838],[108.89976819700765],"[""2025-12-30T00:00:00""]",[4.57906],[12.381484589066961],[19.13939788383986]
90,260506_181140/90/forecast_Wh_metrics_90d.json,[0.49326666666666674],[9.666226801695451],[0.6433406157599452],[0.7388063203770685],[-0.07252254845023831],[0.5027705795303791],[9.325957416772996],"[""2025-11-30T00:00:00""]",[5.85374],[0.09340314661344269],[0.11015632558110246]
120,260506_211848/120/forecast_Wh_metrics_120d.json,[0.6175211728625893],[10.923093275181042],[0.7567536330531782],[0.5733107891186922],[-0.29987045403007384],[0.6132450191680386],[11.58447068277837],"[""2025-10-31T00:00:00""]",[6.54126],[0.11296112127905825],[0.13663321146976645]
30,260506_211848/30/forecast_Wh_metrics_30d.json,[0.9961937614716735],[17.685719543863822],[1.3934647232645665],[1.3398411262944778],[-4.067645129283037],[1.0431792078072395],[19.825813197091968],"[""2026-01-29T00:00:00""]",[4.72749],[0.18243009347571304],[0.20449324407917574]
60,260506_211848/60/forecast_Wh_metrics_60d.json,[0.6839894666666673],[12.107351321553553],[0.9306185640983619],[0.9160552766623298],[-1.7344781596552368],[0.7562598529528206],[13.258628277895001],"[""2025-12-30T00:00:00""]",[4.57906],[0.12851872559821173],[0.15767951555568768]
90,260506_211848/90/forecast_Wh_metrics_90d.json,[0.516908686419753],[10.258813199827896],[0.6741756033510236],[0.7742169305001789],[-0.18256915891475844],[0.5279343433976809],[9.754415188750745],"[""2025-11-30T00:00:00""]",[5.85374],[0.09787991179232246],[0.11566967078917263]
120,260507_012812/120/forecast_Wh_metrics_120d.json,[0.8003343009407768],[15.044259902405146],[0.9807856256756704],[0.7430357205472121],[-1.2436227863663527],[0.8056731942435893],[14.239254191785436],"[""2025-10-31T00:00:00""]",[6.54126],[0.14640252675591847],[0.17950690585950352]
30,260507_012812/30/forecast_Wh_metrics_30d.json,[0.49333499999999997],[8.583445787943079],[0.6900714959669743],[0.6635160222886833],[-0.5418169544039606],[0.575403147648473],[9.082139012475041],"[""2026-01-29T00:00:00""]",[4.72749],[0.09034301723781672],[0.1127956303532343]
60,260507_012812/60/forecast_Wh_metrics_60d.json,[0.4984135888888887],[8.917029478153001],[0.6781287739405077],[0.6675167094121067],[-0.47637493709706313],[0.5556894459335767],[9.416226914324545],"[""2025-12-30T00:00:00""]",[4.57906],[0.09364980366875669],[0.11586076173698609]
90,260507_012812/90/forecast_Wh_metrics_90d.json,[3.352075771136832],[62.420621688597976],[4.371928282221575],[5.020681374710218],[-619.7148547541296],[12.095190419063796],[20.732296557478225],"[""2025-11-30T00:00:00""]",[5.85374],[0.6347366361214943],[2.6500391789279645]
120,260507_044806/120/forecast_Wh_metrics_120d.json,[0.6092865551287675],[11.495284301904148],[0.7466623565743707],[0.5656657149114654],[-0.39525536067081113],[0.6353467946257343],[11.327157559251573],"[""2025-10-31T00:00:00""]",[6.54126],[0.11145478968526865],[0.14155756709529685]
30,260507_044806/30/forecast_Wh_metrics_30d.json,[0.7013033333333333],[12.442667407781457],[0.9809752812185614],[0.9432251880590834],[-1.850354687622798],[0.7823575490458823],[13.51528400083285],"[""2026-01-29T00:00:00""]",[4.72749],[0.1284276589584596],[0.15336466834928322]
60,260507_044806/60/forecast_Wh_metrics_60d.json,[0.5892164720492815],[10.791770082061124],[0.8016728529955984],[0.7891274421922472],[-1.252872471648161],[0.6864392696586067],[11.322190622655603],"[""2025-12-30T00:00:00""]",[4.57906],[0.11071128106443734],[0.14312198522181974]
90,260507_044806/90/forecast_Wh_metrics_90d.json,[0.6032109481481484],[10.705217334976355],[0.7867349023140358],[0.9034789721837332],[-0.8261903288098174],[0.6560541088427935],[11.566856694457394],"[""2025-11-30T00:00:00""]",[5.85374],[0.1142217880025313],[0.14374053087993005]
120,260507_092846/120/forecast_Wh_metrics_120d.json,[1.3468372500000005],[26.281567024924573],[1.650508560450039],[1.2504127154580489],[-4.052298272840322],[1.2090060785451389],[22.549118338806405],"[""2025-10-31T00:00:00""]",[6.54126],[0.24637251745578215],[0.2693709333704777]
30,260507_092846/30/forecast_Wh_metrics_30d.json,[0.6897466781814868],[12.090202761094098],[0.9648099608804359],[0.92768194491332],[-1.728693927844914],[0.7654789227335952],[13.100558652734652],"[""2026-01-29T00:00:00""]",[4.72749],[0.12631132199555453],[0.15005597026139197]
60,260507_092846/60/forecast_Wh_metrics_60d.json,[0.7314055468532982],[13.090273685391733],[0.9951316693563989],[0.9795588137347437],[-2.0218275691509815],[0.7950027958203237],[14.30957763454842],"[""2025-12-30T00:00:00""]",[4.57906],[0.13742800636264516],[0.1657573851380767]
90,260507_092846/90/forecast_Wh_metrics_90d.json,[0.47756365185185184],[9.027172338962442],[0.6228600361811159],[0.7152866151584715],[-0.00744674933595757],[0.48727899469648783],[9.03646476689352],"[""2025-11-30T00:00:00""]",[5.85374],[0.09042968196615005],[0.10676214117133971]
120,260507_143713/120/forecast_Wh_metrics_120d.json,[0.617537596153445],[11.562534692698085],[0.756773759302395],[0.5733260366118214],[-0.3106145933608344],[0.6157742061732345],[11.364798672620191],"[""2025-10-31T00:00:00""]",[6.54126],[0.11296412553774875],[0.13719672349534529]
30,260507_143713/30/forecast_Wh_metrics_30d.json,[0.7642759686338224],[13.43017510867802],[1.0690607011599627],[1.0279208866971619],[-2.2772362959512646],[0.8388990504776557],[14.725041479218746],"[""2026-01-29T00:00:00""]",[4.72749],[0.13995965623508266],[0.16444843513293564]
60,260507_143713/60/forecast_Wh_metrics_60d.json,[0.9459368333333349],[17.027094919405616],[1.2870174475850877],[1.266876859649869],[-3.4744188420318762],[0.9673912034319163],[19.015690883162517],"[""2025-12-30T00:00:00""]",[4.57906],[0.17773752702489196],[0.20170021681620903]
90,260507_143713/90/forecast_Wh_metrics_90d.json,[0.49388786666666673],[9.683188844414941],[0.6441508127943621],[0.7397367430413845],[-0.07553123745846602],[0.5034752831023287],[9.337305569065228],"[""2025-11-30T00:00:00""]",[5.85374],[0.09352077474158758],[0.11031072514080294]
120,260507_164636/120/forecast_Wh_metrics_120d.json,[1.2240254771078325],[23.00927224510123],[1.500006424811476],[1.1363934436920555],[-3.773359390685197],[1.1751574558726579],[23.501846816808243],"[""2025-10-31T00:00:00""]",[6.54126],[0.22390696294230905],[0.26182933763792077]
30,260507_164636/30/forecast_Wh_metrics_30d.json,[0.5938475181983706],[10.381001723175785],[0.8306672854336802],[0.7987013755784393],[-1.187743377650174],[0.6854156458002731],[11.168602015562398],"[""2026-01-29T00:00:00""]",[4.72749],[0.1087495851160572],[0.13436125634342652]
60,260507_164636/60/forecast_Wh_metrics_60d.json,[0.8796475794430112],[15.958881736301345],[1.1968259851767513],[1.17809680707366],[-3.123248417373021],[0.9286532156204631],[17.072610341210225],"[""2025-12-30T00:00:00""]",[4.57906],[0.16528205680784472],[0.19362338035865728]
90,260507_164636/90/forecast_Wh_metrics_90d.json,[0.4952794320987653],[9.058604388114379],[0.6459657551418886],[0.7418210057859161],[-0.1662635640317649],[0.5242820566913113],[9.379592516056528],"[""2025-11-30T00:00:00""]",[5.85374],[0.09378427641088716],[0.11486945991780825]
120,260507_194147/120/forecast_Wh_metrics_120d.json,[1.0796559302536204],[19.796901353520813],[1.3230858852650904],[1.0023597903227095],[-2.760767216755991],[1.0430910510944993],[21.758188305962253],"[""2025-10-31T00:00:00""]",[6.54126],[0.19749791559644544],[0.23240446430330114]
30,260507_194147/30/forecast_Wh_metrics_30d.json,[0.6708851158707668],[11.900751967873852],[0.9384266178781497],[0.9023138911596656],[-1.6624208226703643],[0.7561260061114943],[12.960657788274712],"[""2026-01-29T00:00:00""]",[4.72749],[0.1228572584302905],[0.1482225285599649]
60,260507_194147/60/forecast_Wh_metrics_60d.json,[0.8228475979966691],[15.002207219094593],[1.1195453840119258],[1.1020255731527417],[-2.6434337689261644],[0.872949772306124],[16.05293852743966],"[""2025-12-30T00:00:00""]",[4.57906],[0.15460958071685915],[0.18200926131968637]
90,260507_194147/90/forecast_Wh_metrics_90d.json,[0.6518250760277672],[12.710232971665706],[0.8501396386933574],[0.9762923758945348],[-1.0785370168251305],[0.6999153564077422],[12.074781279617318],"[""2025-11-30T00:00:00""]",[5.85374],[0.12342717896176503],[0.15335046842176248]
120,260507_220033/120/forecast_Wh_metrics_120d.json,[0.6369204246144418],[11.248329779760956],[0.7805268328831931],[0.5913211842580366],[-0.3640924324818444],[0.6282115156618007],[11.904380367211425],"[""2025-10-31T00:00:00""]",[6.54126],[0.11650976272839622],[0.13996780109785337]
30,260507_220033/30/forecast_Wh_metrics_30d.json,[1.0982106734006563],[19.60569593839421],[1.5361648419035527],[1.4770498295271566],[-4.9284414806179875],[1.1283039107928627],[22.167930002246703],"[""2026-01-29T00:00:00""]",[4.72749],[0.20111215664363932],[0.22118014364017902]
60,260507_220033/60/forecast_Wh_metrics_60d.json,[0.8137275315043013],[14.628612860536636],[1.1071368549376834],[1.0898112256503465],[-2.6980447380681323],[0.8794677060345747],[15.707852505156955],"[""2025-12-30T00:00:00""]",[4.57906],[0.15289595882633192],[0.18336824478114255]
90,260507_220033/90/forecast_Wh_metrics_90d.json,[0.4819305679012347],[9.33189276112158],[0.6285555648880666],[0.7218273068286433],[-0.02051430009632993],[0.49042905079363985],[9.117597937018505],"[""2025-11-30T00:00:00""]",[5.85374],[0.09125658499360464],[0.10745231402385771]
120,260508_012821/120/forecast_Wh_metrics_120d.json,[0.5945611369671611],[11.048539018271414],[0.7286167993016284],[0.551994538152945],[-0.1557920869834013],[0.5782609318343843],[10.89433965458746],"[""2025-10-31T00:00:00""]",[6.54126],[0.10876111727379942],[0.12883863009799965]
30,260508_012821/30/forecast_Wh_metrics_30d.json,[0.6178390363967413],[10.986163455417806],[0.8642263535185891],[0.830969016681644],[-1.2330499298426965],[0.692476503154185],[11.772944355432944],"[""2026-01-29T00:00:00""]",[4.72749],[0.11314308272347771],[0.13574538825046173]
60,260508_012821/60/forecast_Wh_metrics_60d.json,[0.5847583242452968],[10.795813632770594],[0.7956072111837423],[0.783156721853697],[-1.0191943058740476],[0.6498645887825275],[11.212629359291507],"[""2025-12-30T00:00:00""]",[4.57906],[0.10987361396250257],[0.13549619636151405]
90,260508_012821/90/forecast_Wh_metrics_90d.json,[0.5896111992502984],[11.18805520567727],[0.7689974969279226],[0.8831095024419992],[-0.5307423036445826],[0.6006447464013395],[11.150928187932458],"[""2025-11-30T00:00:00""]",[5.85374],[0.11164658998885671],[0.1316004176397254]
120,260508_042748/120/forecast_Wh_metrics_120d.json,[0.6066610154589637],[11.392914564725318],[0.7434448366395662],[0.5632281463128376],[-0.29533736697895496],[0.6121747890968455],[11.19233721570638],"[""2025-10-31T00:00:00""]",[6.54126],[0.1109745083312078],[0.13639476033348652]
30,260508_042748/30/forecast_Wh_metrics_30d.json,[0.49612799999999974],[8.624143860487628],[0.6939783132173936],[0.6672724965916461],[-0.5669693860019547],[0.5800775804383181],[9.136542192874074],"[""2026-01-29T00:00:00""]",[4.72749],[0.09085449128110415],[0.11371195414330944]
60,260508_042748/60/forecast_Wh_metrics_60d.json,[0.8629492236047346],[15.648213000784732],[1.1741066295575024],[1.1557329875666367],[-2.9245777439657488],[0.906004353934046],[16.745122994539035],"[""2025-12-30T00:00:00""]",[4.57906],[0.1621445064265804],[0.18890111257641548]
90,260508_042748/90/forecast_Wh_metrics_90d.json,[0.8790111259259257],[17.819997011729942],[1.1464459231241269],[1.316567729792885],[-2.2520232416025188],[0.8754744194700375],[15.870146604400876],"[""2025-11-30T00:00:00""]",[5.85374],[0.1664462868016757],[0.19181521177939356]
120,260508_085818/120/forecast_Wh_metrics_120d.json,[0.5776911614364211],[10.505412919410153],[0.7079431514439759],[0.5363323399823022],[-0.09465440436518646],[0.5627590757764486],[10.668498839475067],"[""2025-10-31T00:00:00""]",[6.54126],[0.10567514802181605],[0.12538476041992008]
30,260508_085818/30/forecast_Wh_metrics_30d.json,[0.5176391848650372],[9.322259051267274],[0.7240679186981289],[0.6962041876664051],[-0.6094416748734808],[0.5878864442689584],[9.816517522056364],"[""2026-01-29T00:00:00""]",[4.72749],[0.09479377259110232],[0.11524271691671321]
60,260508_085818/60/forecast_Wh_metrics_60d.json,[1.038317333333334],[18.778647306673456],[1.4127079917387226],[1.390600467409672],[-4.186182005620889],[1.041496208828176],[21.123067540767394],"[""2025-12-30T00:00:00""]",[4.57906],[0.19509543194700305],[0.21715104539782729]
90,260508_085818/90/forecast_Wh_metrics_90d.json,[0.6634753333333335],[13.500211695540479],[0.8653344292908534],[0.993741930695261],[-1.0151772219361455],[0.6891650795479953],[12.303194720164573],"[""2025-11-30T00:00:00""]",[5.85374],[0.12563322847763775],[0.1509950979087237]
120,260508_120620/120/forecast_Wh_metrics_120d.json,[0.8408470848929113],[16.417446041092862],[1.030432824489529],[0.780648060265581],[-1.2683856486775618],[0.8101071006556153],[14.952822992531129],"[""2025-10-31T00:00:00""]",[6.54126],[0.15381339735029026],[0.18049479626789755]
30,260508_120620/30/forecast_Wh_metrics_30d.json,[0.5835953260723559],[10.13329685959674],[0.8163266334277617],[0.7849125835016707],[-1.3242818464931552],[0.706480566324851],[11.00008251593998],"[""2026-01-29T00:00:00""]",[4.72749],[0.10687213070887759],[0.13849058896633756]
60,260508_120620/60/forecast_Wh_metrics_60d.json,[0.7313110107673814],[13.611848077403318],[0.9950030459772112],[0.9794322031880037],[-1.9976847481535756],[0.7918205988895833],[14.046490294749942],"[""2025-12-30T00:00:00""]",[4.57906],[0.13741024343225344],[0.16509389987109765]
90,260508_120620/90/forecast_Wh_metrics_90d.json,[0.5448462320987654],[10.918580238718784],[0.7106130094328402],[0.8160613053957272],[-0.33041026198517875],[0.5599631315277592],[10.252698395784558],"[""2025-11-30T00:00:00""]",[5.85374],[0.10317006182964482],[0.12268713314053098]
120,260508_153918/120/forecast_Wh_metrics_120d.json,[0.6873012459660958],[12.721880056653168],[0.8422670148713354],[0.638095075931532],[-0.5547908082311539],[0.6706871345233343],[12.719462215022912],"[""2025-10-31T00:00:00""]",[6.54126],[0.12572576101467545],[0.14943152282867242]
30,260508_153918/30/forecast_Wh_metrics_30d.json,[0.6810751848650373],[11.956473952684819],[0.952680372740227],[0.9160191300864103],[-1.7898769565049228],[0.774013168763807],[13.058125662162817],"[""2026-01-29T00:00:00""]",[4.72749],[0.1247233364073323],[0.1517289288896187]
60,260508_153918/60/forecast_Wh_metrics_60d.json,[0.44962302222222206],[8.29166131261137],[0.611745577552768],[0.6021723463414886],[-0.08506842250725466],[0.476389717342087],[8.458387957447155],"[""2025-12-30T00:00:00""]",[4.57906],[0.08448226271264658],[0.0993268379286788]
90,260508_153918/90/forecast_Wh_metrics_90d.json,[0.5015670814814815],[9.882425705411714],[0.6541663908201409],[0.7512385387719934],[-0.1107348667823882],[0.5116486623017931],[9.477186188679289],"[""2025-11-30T00:00:00""]",[5.85374],[0.09497488237888507],[0.11210150100727269]
120,260508_173518/120/forecast_Wh_metrics_120d.json,[0.7002361148195543],[12.901838030089257],[0.8581183077955041],[0.6501038947306459],[-0.6158516668373744],[0.6837301617926507],[13.12088745748744],"[""2025-10-31T00:00:00""]",[6.54126],[0.1280918941182757],[0.1523375565466668]
30,260508_173518/30/forecast_Wh_metrics_30d.json,[0.4988743333333337],[8.664161931820084],[0.6978198536549416],[0.6709662060775179],[-0.5922579850371863],[0.5847396487656492],[9.19011179920686],"[""2026-01-29T00:00:00""]",[4.72749],[0.09135741939217307],[0.114625854141737]
60,260508_173518/60/forecast_Wh_metrics_60d.json,[0.7712490213096072],[13.79045510314351],[1.049341681051345],[1.0329204907707],[-2.3648498351121523],[0.8389124896265191],[15.144361366496403],"[""2025-12-30T00:00:00""]",[4.57906],[0.14491442656365272],[0.1749125177562185]
90,260508_173518/90/forecast_Wh_metrics_90d.json,[0.48802304444444444],[9.523048205207711],[0.6365016473535584],[0.7309525132961505],[-0.04956238938949964],[0.4973599037725252],[9.229846444194639],"[""2025-11-30T00:00:00""]",[5.85374],[0.09241023375655447],[0.10897085414609396]
120,260508_201538/120/forecast_Wh_metrics_120d.json,[0.7337745571974598],[14.096666534422264],[0.8992186606769628],[0.681241209061676],[-1.1189106679679206],[0.7829613372696509],[13.180616004902626],"[""2025-10-31T00:00:00""]",[6.54126],[0.1342269713001626],[0.17444662186241347]
30,260508_201538/30/forecast_Wh_metrics_30d.json,[0.7105549999999997],[12.663688485365421],[0.9939164093705357],[0.9556683130475949],[-1.7737324936965382],[0.7717703893306208],[13.47101796360273],"[""2026-01-29T00:00:00""]",[4.72749],[0.1301218900208111],[0.1512892793657269]
60,260508_201538/60/forecast_Wh_metrics_60d.json,[0.8391663333333333],[15.002705311590283],[1.1417482376917012],[1.12388097347997],[-2.7343493606478484],[0.8837741388399531],[16.62967767557043],"[""2025-12-30T00:00:00""]",[4.57906],[0.15767580201272696],[0.1842661322412185]
90,260508_201538/90/forecast_Wh_metrics_90d.json,[0.47741496790123455],[9.035873676873335],[0.6226661158722692],[0.7150639188972442],[-0.005532904758960733],[0.4868159332063367],[9.033652681785547],"[""2025-11-30T00:00:00""]",[5.85374],[0.09040152772468789],[0.10666068505129227]
120,260508_223023/120/forecast_Wh_metrics_120d.json,[0.7040318905307931],[13.071131971574482],[0.8627699168187531],[0.6536279183009472],[-0.6776520812791038],[0.6966825668918564],[12.816003365178513],"[""2025-10-31T00:00:00""]",[6.54126],[0.1287862429103628],[0.15522339931692325]
30,260508_223023/30/forecast_Wh_metrics_30d.json,[0.6750165181983707],[12.023840406915419],[0.9442055773775793],[0.9078704635473656],[-1.4410804320200952],[0.7240138422842447],[12.964783828354795],"[""2026-01-29T00:00:00""]",[4.72749],[0.12361383023585686],[0.14192761728653236]
60,260508_223023/60/forecast_Wh_metrics_60d.json,[0.6355404249319313],[11.715633741210626],[0.8647000377929058],[0.8511683120331401],[-1.2331816189632012],[0.6834328324713527],[12.321040954407824],"[""2025-12-30T00:00:00""]",[4.57906],[0.11941535573120574],[0.14249514570708963]
90,260508_223023/90/forecast_Wh_metrics_90d.json,[0.6776830074620928],[13.159310873990963],[0.8838647181593071],[1.0150219403807288],[-1.2458433285913992],[0.7275391506394066],[12.383293589794254],"[""2025-11-30T00:00:00""]",[5.85374],[0.12832354095841456],[0.15940280281652938]
120,260509_004456/120/forecast_Wh_metrics_120d.json,[0.6916576547873371],[12.18082658464932],[0.8476056629168055],[0.642139595032718],[-0.6304804957815215],[0.6868182036778121],[12.82532190400091],"[""2025-10-31T00:00:00""]",[6.54126],[0.12652266458142472],[0.15302558346369774]
30,260509_004456/30/forecast_Wh_metrics_30d.json,[0.5784943333333333],[9.966767940706093],[0.8091914216744217],[0.7780519504391074],[-1.1879357933327075],[0.6854457868627282],[10.774326242226667],"[""2026-01-29T00:00:00""]",[4.72749],[0.10593800060468572],[0.13436716486192007]
60,260509_004456/60/forecast_Wh_metrics_60d.json,[0.8113681584562722],[14.494320318582002],[1.1039267523481953],[1.086651358085726],[-2.541607468764907],[0.8606647753229619],[16.003909968168745],"[""2025-12-30T00:00:00""]",[4.57906],[0.15245264261735403],[0.17944785023149398]
90,260509_004456/90/forecast_Wh_metrics_90d.json,[0.8058713935962603],[15.761032952343005],[1.0510537881731514],[1.2070202980132314],[-1.9485008575196132],[0.8336183573145016],[14.63157340987635],"[""2025-11-30T00:00:00""]",[5.85374],[0.15259681834231154],[0.18264460753549616]
120,260509_034046/120/forecast_Wh_metrics_120d.json,[1.0154132702025092],[17.922913384692833],[1.2443584366736287],[0.9427164748421211],[-2.343533432622013],[0.9835282266078564],[19.946256138882237],"[""2025-10-31T00:00:00""]",[6.54126],[0.18574621665520494],[0.2191336512686338]
30,260509_034046/30/forecast_Wh_metrics_30d.json,[0.5418881555555551],[9.34476926783354],[0.7579871084577547],[0.7288180921677425],[-0.9365690639734112],[0.6448702169766545],[10.039521168477435],"[""2026-01-29T00:00:00""]",[4.72749],[0.09923441673168179],[0.12641318163999055]
60,260509_034046/60/forecast_Wh_metrics_60d.json,[0.7386904064423371],[13.366332841037107],[1.0050432628834867],[0.989315300335049],[-2.2943109116767304],[0.8300726581004014],[14.56380820471011],"[""2025-12-30T00:00:00""]",[4.57906],[0.1387968006440949],[0.1730694206419266]
90,260509_034046/90/forecast_Wh_metrics_90d.json,[0.4901572444444445],[9.581323143346685],[0.6392851671714154],[0.7341490813099675],[-0.05838159715477831],[0.49944512738320207],[9.269033618147617],"[""2025-11-30T00:00:00""]",[5.85374],[0.09281435795341028],[0.10942772370115361]
120,260509_065019/120/forecast_Wh_metrics_120d.json,[0.6274109666386225],[11.593725938733487],[0.7688732780128259],[0.5824925398393599],[-0.2558109243658728],[0.602762355920317],[11.50098543560261],"[""2025-10-31T00:00:00""]",[6.54126],[0.11477022879351095],[0.13429763612952902]
30,260509_065019/30/forecast_Wh_metrics_30d.json,[0.7355081952143098],[13.078256614440972],[1.0288206605400148],[0.9892293716223809],[-1.991018922164955],[0.8014296487601399],[13.97154584798878],"[""2026-01-29T00:00:00""]",[4.72749],[0.13469149676954173],[0.1571033505553522]
60,260509_065019/60/forecast_Wh_metrics_60d.json,[0.541928903783793],[9.953638950749252],[0.7373345977686678],[0.7257960189157521],[-0.6865155517321175],[0.5939214240946616],[10.339400731747519],"[""2025-12-30T00:00:00""]",[4.57906],[0.10182614714602171],[0.12383209562657123]
90,260509_065019/90/forecast_Wh_metrics_90d.json,[0.4812320074074075],[9.304434127456428],[0.6276444708113448],[0.7207810149486489],[-0.016503809838652517],[0.48946444054063976],[9.104686373860297],"[""2025-11-30T00:00:00""]",[5.85374],[0.09112430816925683],[0.10724096927654256]
