file,column,used,usage_type,exists_in_other_file
tmy_24.148_120.703_2005_2023[UTC+8][daily][mapped][dateAdj].csv,date,True,date,True
tmy_24.148_120.703_2005_2023[UTC+8][daily][mapped][dateAdj].csv,_date(org),False,unused,False
tmy_24.148_120.703_2005_2023[UTC+8][daily][mapped][dateAdj].csv,G(h)_Whm2,False,unused,False
tmy_24.148_120.703_2005_2023[UTC+8][daily][mapped][dateAdj].csv,G(h)_kWhm2,False,unused,False
tmy_24.148_120.703_2005_2023[UTC+8][daily][mapped][dateAdj].csv,G(h)_mean,False,unused,False
tmy_24.148_120.703_2005_2023[UTC+8][daily][mapped][dateAdj].csv,G(h)_min,False,unused,False
tmy_24.148_120.703_2005_2023[UTC+8][daily][mapped][dateAdj].csv,G(h)_max,False,unused,False
tmy_24.148_120.703_2005_2023[UTC+8][daily][mapped][dateAdj].csv,G(h)_std_Wm2,False,unused,False
tmy_24.148_120.703_2005_2023[UTC+8][daily][mapped][dateAdj].csv,G(h)_p10_Wm2,False,unused,False
tmy_24.148_120.703_2005_2023[UTC+8][daily][mapped][dateAdj].csv,G(h)_p90_Wm2,False,unused,False
tmy_24.148_120.703_2005_2023[UTC+8][daily][mapped][dateAdj].csv,Gb(n)_Whm2,False,unused,False
tmy_24.148_120.703_2005_2023[UTC+8][daily][mapped][dateAdj].csv,Gb(n)_kWhm2,False,unused,False
tmy_24.148_120.703_2005_2023[UTC+8][daily][mapped][dateAdj].csv,Gb(n)_mean,False,unused,False
tmy_24.148_120.703_2005_2023[UTC+8][daily][mapped][dateAdj].csv,Gb(n)_min,False,unused,False
tmy_24.148_120.703_2005_2023[UTC+8][daily][mapped][dateAdj].csv,Gb(n)_max,False,unused,False
tmy_24.148_120.703_2005_2023[UTC+8][daily][mapped][dateAdj].csv,Gb(n)_std_Wm2,False,unused,False
tmy_24.148_120.703_2005_2023[UTC+8][daily][mapped][dateAdj].csv,Gb(n)_p10_Wm2,False,unused,False
tmy_24.148_120.703_2005_2023[UTC+8][daily][mapped][dateAdj].csv,Gb(n)_p90_Wm2,False,unused,False
tmy_24.148_120.703_2005_2023[UTC+8][daily][mapped][dateAdj].csv,Gd(h)_Whm2,False,unused,False
tmy_24.148_120.703_2005_2023[UTC+8][daily][mapped][dateAdj].csv,Gd(h)_kWhm2,False,unused,False
tmy_24.148_120.703_2005_2023[UTC+8][daily][mapped][dateAdj].csv,Gd(h)_mean,False,unused,False
tmy_24.148_120.703_2005_2023[UTC+8][daily][mapped][dateAdj].csv,Gd(h)_min,False,unused,False
tmy_24.148_120.703_2005_2023[UTC+8][daily][mapped][dateAdj].csv,Gd(h)_max,False,unused,False
tmy_24.148_120.703_2005_2023[UTC+8][daily][mapped][dateAdj].csv,Gd(h)_std_Wm2,False,unused,False
tmy_24.148_120.703_2005_2023[UTC+8][daily][mapped][dateAdj].csv,Gd(h)_p10_Wm2,False,unused,False
tmy_24.148_120.703_2005_2023[UTC+8][daily][mapped][dateAdj].csv,Gd(h)_p90_Wm2,False,unused,False
tmy_24.148_120.703_2005_2023[UTC+8][daily][mapped][dateAdj].csv,IR(h)_Whm2,False,unused,False
tmy_24.148_120.703_2005_2023[UTC+8][daily][mapped][dateAdj].csv,IR(h)_kWhm2,False,unused,False
tmy_24.148_120.703_2005_2023[UTC+8][daily][mapped][dateAdj].csv,IR(h)_mean,False,unused,False
tmy_24.148_120.703_2005_2023[UTC+8][daily][mapped][dateAdj].csv,IR(h)_min,False,unused,False
tmy_24.148_120.703_2005_2023[UTC+8][daily][mapped][dateAdj].csv,IR(h)_max,False,unused,False
tmy_24.148_120.703_2005_2023[UTC+8][daily][mapped][dateAdj].csv,IR(h)_std_Wm2,False,unused,False
tmy_24.148_120.703_2005_2023[UTC+8][daily][mapped][dateAdj].csv,IR(h)_p10_Wm2,False,unused,False
tmy_24.148_120.703_2005_2023[UTC+8][daily][mapped][dateAdj].csv,IR(h)_p90_Wm2,False,unused,False
tmy_24.148_120.703_2005_2023[UTC+8][daily][mapped][dateAdj].csv,T2m_mean,False,unused,False
tmy_24.148_120.703_2005_2023[UTC+8][daily][mapped][dateAdj].csv,T2m_min,False,unused,False
tmy_24.148_120.703_2005_2023[UTC+8][daily][mapped][dateAdj].csv,T2m_max,False,unused,False
tmy_24.148_120.703_2005_2023[UTC+8][daily][mapped][dateAdj].csv,T2m_std,False,unused,False
tmy_24.148_120.703_2005_2023[UTC+8][daily][mapped][dateAdj].csv,T2m_p10,False,unused,False
tmy_24.148_120.703_2005_2023[UTC+8][daily][mapped][dateAdj].csv,T2m_p90,False,unused,False
tmy_24.148_120.703_2005_2023[UTC+8][daily][mapped][dateAdj].csv,RH_mean,False,unused,False
tmy_24.148_120.703_2005_2023[UTC+8][daily][mapped][dateAdj].csv,RH_min,False,unused,False
tmy_24.148_120.703_2005_2023[UTC+8][daily][mapped][dateAdj].csv,RH_max,False,unused,False
tmy_24.148_120.703_2005_2023[UTC+8][daily][mapped][dateAdj].csv,RH_std,False,unused,False
tmy_24.148_120.703_2005_2023[UTC+8][daily][mapped][dateAdj].csv,RH_p10,False,unused,False
tmy_24.148_120.703_2005_2023[UTC+8][daily][mapped][dateAdj].csv,RH_p90,False,unused,False
tmy_24.148_120.703_2005_2023[UTC+8][daily][mapped][dateAdj].csv,WS10m_mean,False,unused,False
tmy_24.148_120.703_2005_2023[UTC+8][daily][mapped][dateAdj].csv,WS10m_max,False,unused,False
tmy_24.148_120.703_2005_2023[UTC+8][daily][mapped][dateAdj].csv,WS10m_std,False,unused,False
tmy_24.148_120.703_2005_2023[UTC+8][daily][mapped][dateAdj].csv,WS10m_p10,False,unused,False
tmy_24.148_120.703_2005_2023[UTC+8][daily][mapped][dateAdj].csv,WS10m_p90,False,unused,False
tmy_24.148_120.703_2005_2023[UTC+8][daily][mapped][dateAdj].csv,SP_mean,False,unused,False
tmy_24.148_120.703_2005_2023[UTC+8][daily][mapped][dateAdj].csv,WD10m_circmean,False,unused,False
tmy_24.148_120.703_2005_2023[UTC+8][daily][mapped][dateAdj].csv,WD10m_circstd_deg,False,unused,False
tmy_24.148_120.703_2005_2023[UTC+8][daily][mapped][dateAdj].csv,WD10m_mode_sector,False,unused,False
tmy_24.148_120.703_2005_2023[UTC+8][daily][mapped][dateAdj].csv,n_obs_G(h),False,unused,False
tmy_24.148_120.703_2005_2023[UTC+8][daily][mapped][dateAdj].csv,valid_frac_G(h),False,unused,False
tmy_24.148_120.703_2005_2023[UTC+8][daily][mapped][dateAdj].csv,n_obs_T2m,False,unused,False
tmy_24.148_120.703_2005_2023[UTC+8][daily][mapped][dateAdj].csv,valid_frac_T2m,False,unused,False
tmy_24.148_120.703_2005_2023[UTC+8][daily][mapped][dateAdj].csv,n_obs_RH,False,unused,False
tmy_24.148_120.703_2005_2023[UTC+8][daily][mapped][dateAdj].csv,valid_frac_RH,False,unused,False
tmy_24.148_120.703_2005_2023[UTC+8][daily][mapped][dateAdj].csv,n_obs_WS10m,False,unused,False
tmy_24.148_120.703_2005_2023[UTC+8][daily][mapped][dateAdj].csv,valid_frac_WS10m,False,unused,False
tmy_24.148_120.703_2005_2023[UTC+8][daily][mapped][dateAdj].csv,n_obs_WD10m,False,unused,False
tmy_24.148_120.703_2005_2023[UTC+8][daily][mapped][dateAdj].csv,valid_frac_WD10m,False,unused,False
tmy_24.148_120.703_2005_2023[UTC+8][daily][mapped][dateAdj].csv,n_obs_SP,False,unused,False
tmy_24.148_120.703_2005_2023[UTC+8][daily][mapped][dateAdj].csv,valid_frac_SP,False,unused,False
tmy_24.148_120.703_2005_2023[UTC+8][daily][mapped][dateAdj].csv,GloblRad,False,unused,True
tmy_24.148_120.703_2005_2023[UTC+8][daily][mapped][dateAdj].csv,Temperature,True,regressor,True
tmy_24.148_120.703_2005_2023[UTC+8][daily][mapped][dateAdj].csv,RH,True,regressor,True
tmy_24.148_120.703_2005_2023[UTC+8][daily][mapped][dateAdj].csv,day_of_year,False,unused,True
tmy_24.148_120.703_2005_2023[UTC+8][daily][mapped][dateAdj].csv,sin_DOY_k1,False,unused,True
tmy_24.148_120.703_2005_2023[UTC+8][daily][mapped][dateAdj].csv,cos_DOY_k1,False,unused,True
tmy_24.148_120.703_2005_2023[UTC+8][daily][mapped][dateAdj].csv,sin_DOY_k2,False,unused,True
tmy_24.148_120.703_2005_2023[UTC+8][daily][mapped][dateAdj].csv,cos_DOY_k2,False,unused,True
tmy_24.148_120.703_2005_2023[UTC+8][daily][mapped][dateAdj].csv,sin_DOY_k3,False,unused,True
tmy_24.148_120.703_2005_2023[UTC+8][daily][mapped][dateAdj].csv,cos_DOY_k3,False,unused,True
tmy_24.148_120.703_2005_2023[UTC+8][daily][mapped][dateAdj].csv,month_2,False,unused,True
tmy_24.148_120.703_2005_2023[UTC+8][daily][mapped][dateAdj].csv,month_3,False,unused,True
tmy_24.148_120.703_2005_2023[UTC+8][daily][mapped][dateAdj].csv,month_4,False,unused,True
tmy_24.148_120.703_2005_2023[UTC+8][daily][mapped][dateAdj].csv,month_5,False,unused,True
tmy_24.148_120.703_2005_2023[UTC+8][daily][mapped][dateAdj].csv,month_6,False,unused,True
tmy_24.148_120.703_2005_2023[UTC+8][daily][mapped][dateAdj].csv,month_7,False,unused,True
tmy_24.148_120.703_2005_2023[UTC+8][daily][mapped][dateAdj].csv,month_8,False,unused,True
tmy_24.148_120.703_2005_2023[UTC+8][daily][mapped][dateAdj].csv,month_9,False,unused,True
tmy_24.148_120.703_2005_2023[UTC+8][daily][mapped][dateAdj].csv,month_10,False,unused,True
tmy_24.148_120.703_2005_2023[UTC+8][daily][mapped][dateAdj].csv,month_11,False,unused,True
tmy_24.148_120.703_2005_2023[UTC+8][daily][mapped][dateAdj].csv,month_12,False,unused,True
tmy_24.148_120.703_2005_2023[UTC+8][daily][mapped][dateAdj].csv,season_spring,False,unused,True
tmy_24.148_120.703_2005_2023[UTC+8][daily][mapped][dateAdj].csv,season_summer,False,unused,True
tmy_24.148_120.703_2005_2023[UTC+8][daily][mapped][dateAdj].csv,season_autumn,False,unused,True
tmy_24.148_120.703_2005_2023[UTC+8][daily][mapped][dateAdj].csv,is_weekend,False,unused,True
